customer_id,age,income,account_balance,transaction_amount,tenure_months,num_products,credit_score,digital_banking_usage,complaint_count,branch_id,transaction_type,churned,is_suspicious_transaction
1,56,47410.143732880955,11570.851782828959,862.3816812633846,161,5,630.9284553619096,3,1,BR003,Bill Payment,0,0
2,69,72734.05509416955,7999.508746108155,255.55205049034888,59,1,731.6246723795023,31,1,BR004,Withdrawal,0,0
3,46,85917.51860739526,15651.472767413125,193.0957239700933,114,2,762.6501177685586,21,0,BR002,Transfer,0,0
4,32,18000.0,10270.041597276086,115.69112064808044,161,3,764.6999746941957,19,0,BR001,Deposit,1,0
5,60,62623.17060463649,15106.36034825797,370.7440363762408,160,4,751.9866915289474,19,0,BR001,Deposit,1,0
6,25,63486.60137843268,4352.328010560708,847.6125450508542,101,2,689.6531985183258,5,0,BR003,Deposit,1,0
7,38,55934.40597495663,11305.626162527053,157.01635503602282,169,5,662.4631104166872,8,0,BR001,Withdrawal,0,0
8,56,71637.2929688129,6230.313611033533,201.82843935244875,12,1,646.7028072433054,27,0,BR001,Transfer,0,0
9,36,79465.43136490925,0.0,208.7718297300152,119,3,593.4750758378775,12,2,BR001,Bill Payment,1,0
10,40,68125.1207751414,16337.620085229166,329.13139590719095,139,1,768.42975903555,30,0,BR003,Bill Payment,0,0
11,28,56775.79733091249,896.0444260000004,103.72024491349636,97,5,686.7702273449017,38,0,BR004,Transfer,0,0
12,28,78917.66859525393,10517.331629063081,690.8634794535433,147,1,611.7561794465388,13,0,BR001,Bill Payment,1,0
13,41,66079.17500403586,20334.614212451197,140.16485424778406,57,3,641.1456037002836,21,1,BR004,Deposit,1,0
14,70,59924.59090969948,0.0,488.8040558863385,42,1,638.3118580497213,36,0,BR003,Transfer,0,0
15,53,36129.85352254378,17442.156872546417,287.9737022617874,98,3,702.0117139510588,23,1,BR004,Withdrawal,0,0
16,57,30621.594724146278,9301.678887282036,352.65680033693326,31,1,773.722749574948,7,1,BR002,Transfer,1,0
17,41,35712.94456029045,3301.2893916564244,79.18956190042263,2,1,674.6407315283092,14,0,BR001,Deposit,1,0
18,20,71123.23934684473,30206.309599974615,531.2451988491093,166,3,541.3226539651446,5,0,BR003,Transfer,0,0
19,39,63260.26755266026,11994.993338206483,83.6077667890099,32,1,685.7573765388756,22,2,BR003,Withdrawal,1,0
20,70,32433.749839435808,6887.16399380933,48.177766528450654,138,2,688.0664269931963,24,0,BR004,Withdrawal,0,0
21,19,79210.19216746384,4978.083698702383,316.4623591596204,105,4,683.2555838345135,30,0,BR001,Transfer,1,0
22,41,95234.8092899401,19930.462215930267,494.1814490165468,136,2,655.0777183467009,28,2,BR003,Transfer,0,0
23,61,51833.140432240616,6491.4939618292965,20.53240706478645,75,4,714.2207356508089,22,0,BR002,Bill Payment,0,0
24,47,26698.399137895773,18808.66288686923,28.76828205358093,105,2,703.6298780604301,9,0,BR004,Bill Payment,0,0
25,55,49399.21953215792,11977.681519891554,649.1697037178245,148,4,697.2618780111347,8,0,BR002,Deposit,0,0
26,19,83798.13378948327,22045.692579904637,662.2612268804975,148,1,727.8848953010076,12,2,BR002,Bill Payment,1,0
27,38,77067.65688776503,2617.144972654045,112.57648398190409,127,3,668.9117023796503,31,0,BR004,Deposit,1,0
28,50,44706.480907747464,3872.4308481359594,382.04194199076153,9,3,664.9390031209542,0,0,BR002,Deposit,1,0
29,29,98465.78703082431,9470.952173729384,234.20535440801248,15,5,795.608630270978,0,0,BR004,Transfer,1,0
30,39,94662.16145038078,10217.401522277018,400.62621946325396,97,4,738.1548786800805,36,1,BR004,Bill Payment,0,0
31,61,48873.86660791389,8808.986741726905,794.7574412665265,105,5,756.886224265996,39,2,BR003,Withdrawal,0,0
32,42,48647.61993477073,35682.96364883866,33.29022435140212,63,5,784.8273209733848,17,2,BR003,Withdrawal,1,0
33,66,51957.785377651235,30569.22303916717,602.0030985461271,21,4,735.816092643736,35,0,BR002,Transfer,0,0
34,44,53838.67894145199,14691.495673389389,271.7206729622586,5,3,763.9872075395319,30,1,BR002,Withdrawal,0,0
35,59,85911.83617442576,15752.748666454117,332.16169337779735,125,4,588.4458386550817,0,0,BR002,Withdrawal,1,0
36,45,74357.23933048507,9872.110379283771,424.44725685840064,163,1,713.2907710397219,35,2,BR002,Transfer,0,0
37,33,84295.73292571293,2551.5701983368235,1023.6270509905975,85,5,686.2097076729971,8,0,BR002,Withdrawal,0,0
38,32,79818.43315010739,10361.349835002731,23.356826588998395,113,5,816.4378863629867,21,1,BR003,Transfer,0,0
39,64,102719.5955002621,18940.059763158482,11.967803990775773,176,4,763.9351872262309,27,1,BR002,Deposit,0,0
40,68,41693.51803619891,23750.640854112084,78.53336144496464,80,5,654.8688366444774,25,1,BR002,Bill Payment,0,0
41,61,73367.88766844616,20961.37578470435,1720.4803699326892,116,3,725.0955910970445,9,0,BR001,Withdrawal,0,0
42,72,18000.0,0.0,502.2136361326105,163,5,710.7376933414467,2,0,BR004,Transfer,0,0
43,69,36026.97736986911,9396.950896616581,381.4320882336418,97,4,730.8032003206561,1,0,BR004,Withdrawal,0,0
44,74,63353.22550943337,0.0,19.272542246583615,21,3,627.6810271437744,36,1,BR003,Bill Payment,1,0
45,20,74200.54548059979,22519.59201662447,845.1504359234816,80,3,724.2011525666758,30,0,BR004,Withdrawal,1,0
46,54,62760.05367534947,8288.540446797007,670.1389027889609,39,5,683.0294055498237,32,0,BR002,Deposit,0,0
47,68,52521.76678612108,11576.008959320703,437.2112164970438,162,4,718.771483483892,31,0,BR004,Transfer,0,0
48,24,56432.80669515317,16320.452412045015,165.6797456557856,121,5,648.2930384414481,11,1,BR003,Bill Payment,1,0
49,38,95127.7014813303,36895.25927830709,29.24552130769267,124,1,658.045578002238,2,0,BR004,Deposit,0,0
50,26,56551.29208663691,14414.474458105735,347.036883905227,143,1,781.1689414256691,25,0,BR004,Withdrawal,0,0
51,56,103483.3156849576,9855.560659743735,508.7501816437212,6,3,625.3916709161888,13,0,BR001,Withdrawal,0,0
52,35,82468.37561790494,830.6209091672408,39.59251825463699,56,5,630.5571919270566,11,0,BR001,Withdrawal,1,0
53,21,75065.82161526107,25127.755036527946,401.7949350772927,49,1,695.3893119949096,25,0,BR002,Bill Payment,0,0
54,42,38740.8679729381,10365.271821326322,134.95405929610854,92,2,644.9676737369832,15,1,BR004,Transfer,0,0
55,31,85575.2395507918,26914.282184349297,577.9835381783273,129,1,637.047995741604,7,0,BR002,Bill Payment,1,0
56,67,54137.04728953302,21950.51801653851,310.2776122479382,65,5,706.3553179845807,27,1,BR004,Deposit,0,0
57,26,38722.325323874604,7833.395076523755,55.2622157254927,28,5,593.6453900167406,6,1,BR002,Transfer,1,0
58,43,76282.5594877463,0.0,299.05777579910995,100,1,628.4426435560454,14,1,BR002,Bill Payment,1,0
59,70,34465.18666753612,14453.12205483246,201.4982076962085,148,5,842.786690804655,35,0,BR004,Withdrawal,0,0
60,19,48230.68783314919,6465.868241055584,79.55405625455913,176,5,731.1632541278307,7,1,BR001,Deposit,0,0
61,37,64777.44994768395,12354.11258210675,736.8399584100998,72,2,646.7405653411063,9,1,BR003,Withdrawal,0,0
62,45,113805.271330524,21441.44646168904,5.0,65,3,728.2750554786338,14,0,BR002,Bill Payment,0,0
63,64,49887.853372565274,0.0,149.66116295331807,51,5,738.7131333890641,17,1,BR003,Deposit,0,0
64,24,54919.236575387346,14381.524596613925,5.07001120902787,171,4,768.6090094063167,36,0,BR004,Transfer,0,0
65,61,81111.5911972762,18836.365717971632,40.37344112308244,49,3,690.0990779380288,34,0,BR002,Transfer,0,0
66,25,37757.49485572698,19272.995055804568,141.01410636697358,153,3,767.3548391941023,1,1,BR004,Bill Payment,0,0
67,64,74741.74038246014,0.0,22.31976653723092,74,4,556.3087432582479,21,0,BR002,Bill Payment,0,0
68,52,91530.38976756494,15774.028227965673,363.16093755006466,169,1,625.0584308666973,14,1,BR001,Transfer,0,0
69,31,58243.91253635577,22831.829237160233,36.34770164521385,12,2,710.4709981215519,36,0,BR002,Transfer,0,0
70,34,87575.39419073105,15089.104185600681,483.88051775719623,104,5,722.0743472965454,38,0,BR002,Bill Payment,0,0
71,53,71411.89831065974,10958.752145023169,21.63133608652666,81,1,635.1752398631951,35,0,BR002,Transfer,0,0
72,67,48924.99679631683,22256.516465160996,24.456182224781507,127,4,717.1593993884211,4,0,BR004,Deposit,0,0
73,57,60648.29691027686,5751.13070605053,145.7249851467152,14,2,655.3311825918918,14,1,BR001,Bill Payment,1,0
74,21,56645.33852043467,0.0,907.5499870702279,34,2,679.6128634040984,26,0,BR004,Deposit,1,0
75,19,63071.95832803749,10194.619665621616,410.2115564907196,48,2,770.7341660465507,15,0,BR003,Withdrawal,1,0
76,23,68359.79378283623,16815.406725335986,588.0987870082125,61,4,762.625624782202,35,0,BR001,Deposit,0,0
77,71,77940.39856938085,21350.4308529279,61.05171950846498,35,1,629.2057770845717,37,1,BR002,Bill Payment,1,0
78,59,76190.70149091698,16774.52316751139,718.6093592892516,119,5,624.9923976585927,17,0,BR002,Withdrawal,0,0
79,21,18000.0,19522.38961852372,5.0,65,2,670.2178623112678,34,0,BR002,Transfer,0,0
80,71,62859.21984701541,21407.802870935637,95.83996232640487,59,2,697.1277589178952,24,1,BR003,Deposit,0,0
81,46,31792.71790505122,8945.606943317005,382.94126998451657,36,1,652.9471057997681,21,0,BR003,Deposit,0,0
82,35,58934.00044571883,10668.546282831692,188.15918429386363,147,2,771.8449709959767,30,1,BR002,Bill Payment,0,0
83,43,62276.62906815976,23584.51013834888,1658.9308722916044,42,2,723.3172889195989,36,1,BR002,Transfer,0,0
84,61,86475.2638778636,1108.5867819238138,12.323603058243519,69,4,727.42595769121,33,0,BR003,Bill Payment,0,0
85,51,64337.45972379781,15862.195753700655,2627.9901124394887,147,3,610.342281973852,22,0,BR004,Transfer,0,0
86,27,70702.79640355172,5549.620539746808,390.87072756300466,107,1,780.7103502168646,15,3,BR001,Bill Payment,0,0
87,53,82447.24037446344,21902.354429078725,327.2184851248289,39,1,501.58818244315165,5,0,BR001,Transfer,1,0
88,31,92010.5497160246,11838.580674823743,24.542744024663634,69,1,757.3838816294558,14,1,BR003,Withdrawal,0,0
89,48,62293.69368614797,12068.345418403114,127.71251154293127,12,4,764.401821636954,17,1,BR003,Bill Payment,0,0
90,65,67071.94771696899,27559.918986570177,1034.311903793529,83,4,668.7319168905427,37,1,BR004,Withdrawal,0,0
91,32,65220.51264932958,2315.6149849621834,174.93466304660225,175,5,788.1037152073196,12,0,BR002,Bill Payment,0,0
92,25,53062.82278251632,13942.375258967428,433.4735501567172,36,4,694.5831712931957,23,1,BR003,Bill Payment,1,0
93,31,48079.46508426743,10378.864820119612,3037.451922780076,126,1,703.370219232921,12,0,BR004,Bill Payment,1,0
94,40,18000.0,16791.70184438728,122.10479305140095,63,5,722.7670151182951,0,0,BR003,Deposit,0,0
95,74,41313.45944046475,29363.97708020052,343.285037735362,76,3,900.0,35,2,BR002,Bill Payment,0,0
96,57,25870.121669384323,6552.826410673358,476.8674892402094,82,2,793.1103735658103,17,0,BR003,Transfer,0,0
97,38,92614.36665797155,1223.420588813593,71.95089697770293,51,2,748.0791840499043,32,0,BR002,Deposit,0,0
98,33,69145.15218254342,4716.053168861944,64.38338315917659,43,5,635.1036859379163,37,1,BR004,Transfer,1,0
99,62,62229.342595169655,9904.63726001173,243.74888258006303,34,3,709.0512877835645,5,0,BR001,Transfer,0,0
100,35,49215.3259062162,12578.077503329943,194.98202331490216,97,2,642.081313430753,16,0,BR004,Transfer,1,0
101,64,65655.14379116172,13030.759162079241,501.0068110967492,49,5,756.5477593097969,3,1,BR001,Transfer,1,0
102,70,46344.44269158265,28223.9485605789,28.81705181653832,146,4,708.8326883014399,13,0,BR004,Transfer,0,0
103,41,68828.40824565328,26623.551401893572,1432.607757417593,125,1,620.2834824270274,29,0,BR001,Withdrawal,0,0
104,43,70406.14762426977,23726.518401602643,5.751951332816488,57,3,704.6787208392952,19,1,BR004,Deposit,0,0
105,42,46049.55854815163,34629.94772955608,367.83528938760526,93,2,639.5407771198586,7,0,BR002,Transfer,1,0
106,62,45629.83677390707,19416.88610996368,330.7926781558713,109,1,709.5851354936283,1,0,BR001,Withdrawal,0,0
107,58,86168.38580109258,21975.19575161376,57.878876482467746,5,5,638.8645878544321,36,0,BR001,Withdrawal,0,0
108,46,63837.08100559139,19242.934697043893,65.4388549106919,24,2,700.9241343352569,3,1,BR002,Transfer,0,0
109,32,47817.550556172406,17768.147824144082,629.3918672834451,59,1,751.5328903354566,9,0,BR002,Bill Payment,1,0
110,62,56848.86136283058,15549.568717645576,874.1429589603724,38,4,695.2863605652426,19,0,BR001,Transfer,0,0
111,18,42766.93009245464,8428.286595762114,133.0812403931734,161,3,671.6378212979328,34,0,BR001,Withdrawal,0,0
112,42,63521.96122543783,778.9957694592176,230.4757240324272,10,5,713.2293354740224,9,1,BR001,Transfer,1,0
113,24,83295.82276861831,10824.114279340982,175.39890956131575,165,2,747.8027834554997,27,1,BR003,Withdrawal,0,0
114,26,64391.24531292625,17091.96329704857,30.12526945657924,126,4,621.4971711082768,14,0,BR004,Transfer,0,0
115,41,116999.93576085847,12650.357108765911,447.3679635140521,11,3,717.2459308293642,35,0,BR002,Withdrawal,1,0
116,18,74269.91049707803,2411.978752926696,697.6289591383069,24,3,791.227857331218,0,1,BR002,Transfer,0,0
117,61,70058.99785252867,10507.052550149596,145.46794479770563,88,4,739.15598742937,21,1,BR004,Bill Payment,0,0
118,25,45017.353118752275,10037.974722751758,1849.1623604611443,114,2,703.042790266706,26,1,BR002,Bill Payment,0,0
119,41,59752.264169461334,11438.808222280979,31.55302718073069,21,3,743.7816254689226,28,1,BR002,Withdrawal,0,0
120,28,47861.69545325877,16418.238140339934,433.6361540880884,148,5,730.6747519271878,14,1,BR001,Bill Payment,0,0
121,68,18000.0,18356.32233219272,237.84815513420367,10,1,751.752077641187,9,0,BR002,Bill Payment,1,0
122,34,86433.76888683377,7499.536941229027,236.67105878249535,175,5,557.3247872311939,19,0,BR003,Deposit,1,0
123,25,53748.087777894914,20830.090692112622,244.73425849976263,175,3,590.2580706435714,21,0,BR003,Transfer,0,0
124,52,48271.19836466726,22184.743077014813,119.73011632667188,143,1,769.3380404638266,8,0,BR001,Transfer,1,0
125,52,69632.54074708623,14882.717397436909,502.89715360456563,172,4,593.6304576686991,31,0,BR001,Bill Payment,0,0
126,50,76274.99014887337,17982.752447577615,511.4448147412187,134,1,727.1077045003443,16,2,BR002,Bill Payment,0,0
127,22,57942.953676061865,20858.08298215754,132.73557643194673,66,1,674.3565240777396,18,1,BR001,Withdrawal,1,0
128,59,64942.76331260159,2121.198153784757,721.4675482438296,122,1,629.2667528082802,39,0,BR001,Transfer,0,0
129,56,81416.12296091687,21492.582014836164,152.4133690812619,132,3,723.4754830003232,26,1,BR004,Deposit,1,0
130,58,57075.74091858115,4889.4521466184215,516.5291485371574,23,2,713.07234526016,36,1,BR001,Deposit,1,0
131,45,71651.34231879335,5765.685270344593,51.58804672224121,13,3,846.7239856467464,33,0,BR003,Bill Payment,0,0
132,24,28496.618395438694,13766.60251033285,73.90660585337476,159,2,655.2632156824877,9,0,BR002,Withdrawal,0,0
133,26,37690.98203458953,0.0,151.7994562568996,16,4,799.8077084048422,29,2,BR001,Withdrawal,0,0
134,25,78321.87511776888,13580.582774031844,360.43650025234746,41,4,723.669604006902,20,1,BR004,Transfer,0,0
135,29,36541.709938319436,20836.028522602224,414.8317330513872,1,4,652.7284682920101,20,1,BR002,Bill Payment,1,0
136,51,70151.02603649252,0.0,201.9083774679801,111,4,754.9472520262071,33,0,BR002,Bill Payment,0,0
137,50,61766.0267916644,21801.083920918063,32.41424652557539,12,4,738.6016953117766,8,1,BR002,Withdrawal,1,0
138,65,56981.72022455496,5710.911433252905,187.1285821074197,119,5,701.5090306400634,33,0,BR004,Deposit,0,0
139,72,46773.819082709975,13861.756024435206,466.8860435843055,178,3,717.6406749508436,11,1,BR003,Deposit,0,0
140,40,85005.48039831826,7017.829436950842,444.67349294217684,20,2,657.2109078268128,20,1,BR004,Transfer,0,0
141,41,103057.60539943638,17156.266357161414,69.83489589229485,36,4,641.1949012321845,19,0,BR004,Bill Payment,1,0
142,54,71604.22757720428,21224.528005473872,5.0,79,5,752.1609521675808,5,1,BR002,Bill Payment,0,0
143,52,72094.79574480197,17823.093279442477,559.317008488448,166,5,683.3242402980708,35,0,BR004,Deposit,0,0
144,61,49988.72614313513,11964.1696545567,44.984563140925914,150,5,693.3941901225635,11,2,BR002,Bill Payment,0,0
145,57,38685.86089986364,7717.301970659174,34.37531672865943,108,3,718.5875117160994,30,1,BR001,Bill Payment,0,0
146,39,64125.74409426416,11376.281735659983,5.0,178,4,717.5701841348666,1,0,BR001,Withdrawal,0,0
147,44,43577.50774492233,17903.743184636776,226.67723740395306,96,5,598.9471470318155,15,0,BR004,Transfer,0,0
148,52,26002.57717705192,18212.39759255627,279.87855265496495,59,5,789.03764605184,0,1,BR003,Transfer,0,0
149,18,82675.80787204282,16957.439239585103,406.0733792858377,20,4,707.4827506330474,3,2,BR002,Transfer,0,0
150,52,83747.66934154033,456.8021259866,140.42704390656348,164,3,684.8142716024496,0,0,BR004,Withdrawal,0,0
151,54,46105.546995031924,11792.79787408131,495.73598750089644,126,5,729.1592203618823,34,0,BR004,Transfer,0,0
152,64,70367.21506814337,6299.139322225634,74.20996437882384,97,2,715.5579535530404,12,0,BR003,Transfer,0,0
153,31,87042.94989141886,17984.36117915245,713.4928374620318,143,1,752.6943882642792,30,1,BR002,Deposit,0,0
154,20,69510.58711536134,5115.25421959263,339.3111097695536,62,1,736.6588570505659,19,1,BR004,Deposit,1,0
155,18,38750.597785827864,16068.483822758024,350.7220824493919,131,1,749.2492360297387,6,0,BR003,Transfer,0,0
156,22,59876.34490878383,9460.310152669234,94.17523502688783,93,3,793.5695734009262,39,0,BR002,Withdrawal,0,0
157,43,94189.8072409238,0.0,30.799396432715238,91,5,760.853718427968,32,1,BR001,Withdrawal,0,0
158,72,70434.58615931249,20378.633572991977,249.98971102902084,133,1,687.7659645770007,27,0,BR003,Withdrawal,0,0
159,31,76860.90627002172,11772.41500322438,382.4410779117046,123,1,620.3969190746217,19,3,BR004,Bill Payment,1,0
160,56,72515.84282612051,23483.795661891225,39.94866885507955,159,4,815.7458553103161,31,0,BR001,Bill Payment,0,0
161,44,46178.75012447843,0.0,1202.5917228637989,86,5,682.3593638657021,8,2,BR002,Withdrawal,0,0
162,26,51341.40517578186,9376.308201742537,1573.183458485966,163,5,665.8824810647634,33,0,BR003,Deposit,0,0
163,32,72455.03345513833,10052.360211361218,315.38483609557534,118,4,577.4291227564893,13,0,BR001,Bill Payment,0,0
164,32,82971.17916044898,14431.856621144803,1198.8465345581399,26,5,722.6931173718478,3,0,BR001,Withdrawal,0,0
165,43,89197.90892019341,73.31426258700594,79.10985117519938,118,2,709.4220622767639,28,1,BR004,Bill Payment,1,0
166,59,46121.678015099744,16896.34071096401,10.29974922964328,1,3,592.9419544625364,14,1,BR001,Bill Payment,0,0
167,30,74528.65176289825,29204.9616565293,16.082846476336922,7,4,730.7291829493223,16,1,BR004,Bill Payment,0,0
168,68,91114.97045781749,16270.836118189785,354.2197307283462,164,1,664.1265655508993,18,0,BR002,Bill Payment,0,0
169,49,43284.201053663506,12835.851616411608,25.44944618295385,76,5,887.3220505102086,37,0,BR004,Withdrawal,0,0
170,56,97708.43698759502,0.0,1273.2645662643736,87,2,659.1447165536392,8,1,BR003,Bill Payment,1,0
171,66,101056.69820157217,5031.784977986774,61.22933583440605,153,2,668.5364667461545,26,0,BR001,Transfer,0,0
172,69,122751.89947167653,11497.395892595045,145.37786908856742,94,3,637.7656643021943,14,1,BR002,Withdrawal,0,0
173,49,70080.53569825989,7232.011762414537,691.553987217913,61,2,788.4513564729381,36,3,BR004,Withdrawal,0,0
174,21,70201.34287777387,21236.307836438864,98.73907663259044,29,5,672.9056943874673,27,0,BR004,Withdrawal,0,0
175,47,83193.87656058099,16803.32880871774,111.34014396248051,95,5,648.2560092364153,3,1,BR004,Bill Payment,1,0
176,54,82551.65880708717,36231.40728882274,411.2342680749944,18,2,748.486850694438,20,0,BR002,Withdrawal,0,0
177,40,89780.07094190332,3172.274072181377,129.23312016780554,41,5,602.3752945210771,33,1,BR002,Deposit,1,0
178,56,82248.72997023228,12298.031502525595,98.07777496442213,147,5,742.7577382374263,18,2,BR003,Transfer,0,0
179,62,62666.63800116315,0.0,117.30717203512053,132,1,823.69798016206,36,0,BR002,Deposit,0,0
180,32,91883.93666141704,0.0,269.84598657896674,41,4,738.6625482984563,3,0,BR004,Transfer,1,0
181,60,41432.408706760034,18504.488815078374,1353.7346041476856,123,5,743.6528821381947,36,0,BR002,Transfer,0,0
182,46,65128.75140795828,16469.538446706207,714.0834489292967,143,5,759.9042151835239,31,0,BR004,Bill Payment,0,0
183,53,99402.18355309559,4308.686088187891,133.97112010460762,143,3,818.6795620072863,11,0,BR003,Transfer,1,0
184,30,37494.57704135297,12837.266576340811,180.62867188793123,178,4,783.6925772013373,15,0,BR003,Transfer,0,0
185,49,50095.53554606241,6336.5916096700985,249.83090644573002,22,4,729.7768805591116,13,0,BR004,Deposit,1,0
186,24,79778.44040370041,7552.132906410516,1543.9553193738116,146,4,762.2723980445201,0,0,BR002,Transfer,0,0
187,68,73666.06341119536,9117.438485103534,75.6855263765396,80,2,636.9845552174422,31,1,BR002,Withdrawal,1,0
188,39,45749.441031562616,3930.913403361499,176.94486579657675,130,1,753.3405513523126,20,0,BR001,Withdrawal,0,0
189,45,55843.73193993691,5550.1508116203895,522.8839991945854,36,1,628.6110820171376,3,1,BR003,Transfer,1,0
190,19,39022.794621692534,5804.081004501713,1329.0698494668316,20,3,673.3084306957861,8,0,BR003,Withdrawal,0,0
191,59,86570.66998945258,15805.909620779976,67.68721576412116,144,4,483.2206477399734,21,1,BR004,Bill Payment,1,0
192,62,59370.6101312483,0.0,103.18715327290222,67,4,727.1000761557224,11,0,BR001,Withdrawal,0,0
193,74,104427.43003673392,9951.336646636775,102.31560225858868,120,5,653.9289592224153,29,2,BR002,Bill Payment,0,0
194,70,66784.20536888047,2210.863111160941,8.461684142043817,158,2,776.7801650643123,29,3,BR004,Transfer,0,0
195,23,60165.71332513671,2536.0258239724735,370.65323705516215,55,2,726.3134827423781,31,1,BR002,Bill Payment,1,0
196,45,58029.921251580454,7269.119633246475,444.31817001574643,66,3,777.6867126291138,35,0,BR002,Bill Payment,1,0
197,45,59627.60362576658,11870.942610241578,369.0501917598125,26,1,623.1482418729223,6,0,BR002,Transfer,0,0
198,61,67438.06409294366,10070.29324463976,29.59770996328872,130,4,771.6870226011742,16,3,BR001,Transfer,0,0
199,61,120272.96668472301,2423.4554118161614,28.697285404564752,56,3,846.4099441054329,0,0,BR003,Bill Payment,1,0
200,37,57545.08725781409,18495.26866601019,94.48470510330183,34,2,752.4910809952326,13,0,BR003,Deposit,0,0
201,47,58260.22386303119,3876.5641182555846,137.16208233925397,56,2,754.3244306084603,37,0,BR002,Transfer,0,0
202,28,66443.06460502993,5387.64369666494,617.729177820892,55,2,710.8718373476454,25,1,BR001,Transfer,0,0
203,72,88986.03913957372,14560.42607305065,69.45111054221779,20,4,662.2731853604245,26,1,BR002,Deposit,1,0
204,45,33738.33965639886,14883.317078634675,18.037532500095885,50,4,752.2834660891056,15,0,BR002,Withdrawal,1,0
205,42,75012.0402120122,6494.703049803193,200.34187151616104,153,4,593.5741962718553,6,1,BR004,Deposit,1,0
206,56,47016.64612753443,0.0,215.4104183771616,84,5,669.7571412555428,31,0,BR001,Withdrawal,0,0
207,50,77171.99915692088,4030.5820207093657,239.795227526703,153,1,575.0260238363973,24,0,BR001,Deposit,1,0
208,18,54137.281268069964,13456.993676162307,701.5625163519917,53,2,649.7440535879442,30,2,BR003,Bill Payment,0,0
209,74,18000.0,18197.472483210273,41.25870484815791,142,2,743.9431564325492,15,3,BR003,Transfer,0,0
210,44,73130.70725912467,11286.33008224398,486.88007052203704,111,5,734.3775363354324,13,0,BR002,Deposit,0,0
211,74,72945.1849476311,7689.125576319461,164.96300298404205,171,2,702.5639586874831,24,0,BR004,Transfer,0,0
212,69,52260.23321345254,32638.899051293916,148.41395761220434,112,2,710.9280695843407,29,1,BR004,Withdrawal,0,0
213,30,50956.435076853944,8647.62490645181,1078.5067161071572,69,4,566.9894767495053,6,0,BR004,Bill Payment,0,0
214,58,36149.800048071644,17510.094181119952,114.25687479568585,2,4,672.9206403600359,11,1,BR002,Transfer,0,0
215,20,82008.19871385518,0.0,411.48358828543115,16,1,651.3053875495353,2,2,BR003,Deposit,1,0
216,56,84408.74721426978,2188.489357119297,128.7039426903945,94,2,652.8658216639822,26,2,BR001,Deposit,0,0
217,23,45660.88052613042,17825.930503160023,283.01519949353263,171,3,740.9705039469627,18,2,BR002,Bill Payment,0,0
218,25,53121.44189014528,21401.05148206834,617.2595433674787,166,2,638.7644871446282,36,0,BR004,Withdrawal,0,0
219,44,63607.6393349428,8492.547988259363,853.8887677323221,45,2,656.6723404910813,6,0,BR004,Bill Payment,0,0
220,26,114959.03618278203,0.0,729.7888739412778,126,1,552.9051528003339,15,0,BR002,Bill Payment,0,0
221,54,76992.6784469565,10491.98394538897,349.0825292332258,179,3,678.4113773736681,31,0,BR004,Transfer,0,0
222,50,44244.85866981566,13704.653107016054,114.44202814311501,170,2,622.8513716600467,7,1,BR001,Withdrawal,1,0
223,68,71683.16680879112,12889.362350359419,432.9775419559149,24,3,704.5442050082751,12,1,BR002,Bill Payment,1,0
224,59,34712.7861059622,6929.493015350953,495.0187924993603,115,4,632.4224367280275,10,0,BR001,Transfer,0,0
225,61,80795.78681815576,10624.042926651557,5.0,158,4,706.3179571884451,19,2,BR003,Transfer,0,0
226,41,101862.04265797869,5252.008401443048,231.36387447330299,165,3,688.8719967480359,17,0,BR004,Withdrawal,0,0
227,32,101955.41707184707,1993.455986368259,741.2719722518272,123,2,816.0429241129625,36,1,BR004,Withdrawal,0,0
228,71,81167.65707643545,18801.016685821247,269.0144980860798,139,3,733.8052586317235,5,0,BR003,Transfer,1,0
229,49,52164.92817090115,12880.184820624396,149.2236261141636,78,3,570.2253489206388,19,0,BR003,Withdrawal,0,0
230,49,36380.161356689234,10643.847972399031,821.6585391774462,151,4,610.4577809128104,31,1,BR003,Transfer,0,0
231,41,34195.4890458796,7435.670315050548,67.78457629519723,117,3,702.8645606294633,28,1,BR004,Withdrawal,1,0
232,58,18000.0,10378.43799118428,92.49308845120952,80,5,633.9106436125145,3,1,BR003,Withdrawal,0,0
233,69,80264.82678617428,13442.847859082969,465.0969869537693,50,5,491.21420988349035,6,0,BR002,Withdrawal,0,0
234,66,62737.618555063214,27558.13418232876,173.8150233186411,85,4,793.468241968362,19,0,BR003,Deposit,1,0
235,66,85002.75566196881,17890.831648444295,499.3326904145806,4,2,749.4156811833785,33,0,BR002,Withdrawal,0,0
236,69,96416.69267516534,6003.217902458226,68.64933316860223,61,2,735.468381144424,35,1,BR002,Deposit,0,0
237,29,67197.92196585302,6098.126315648781,116.28484447490234,111,4,656.4873868170359,6,3,BR001,Transfer,1,0
238,56,68211.15541368931,4694.870097078639,68.14804587386273,78,2,728.937373970695,32,1,BR002,Bill Payment,1,0
239,19,54784.952421055736,10195.31521872323,1222.280509424784,83,1,649.6947773045383,14,1,BR002,Bill Payment,1,0
240,20,57386.142822207024,4687.936947832039,207.9492119243474,133,5,713.3400110152384,31,1,BR003,Bill Payment,0,0
241,66,81026.33807440454,16273.41370490663,164.5248131891939,100,1,634.5591741914466,21,2,BR004,Transfer,0,0
242,54,61163.74933196317,0.0,5.721588777069658,146,1,805.140191538921,39,1,BR003,Withdrawal,0,0
243,66,57981.831331437876,16816.514783472696,66.6190863318584,172,1,589.0834342142709,28,0,BR001,Deposit,0,0
244,73,64597.029092257275,14478.397390248876,218.67498735716987,31,4,785.2598680657582,24,2,BR001,Transfer,1,0
245,34,84499.26431335497,23364.682348328755,28.384834750037623,119,1,701.7241079612131,4,0,BR004,Bill Payment,0,0
246,66,49761.445727737744,19891.105990985576,285.9439452173434,94,3,664.7373103260607,13,0,BR002,Bill Payment,0,0
247,19,63536.37261385528,5846.719932713519,242.79912487113015,149,2,710.6902045187016,34,0,BR001,Bill Payment,0,0
248,19,70396.11243112545,18878.682728446565,582.9754873190428,175,4,750.3343605024727,1,0,BR004,Bill Payment,0,0
249,45,90524.88187887527,10487.392705071294,431.2918158703984,30,3,794.6722715686078,24,0,BR003,Deposit,1,0
250,71,59735.47091041278,0.0,236.19819200331906,55,3,720.9200116193473,15,0,BR003,Bill Payment,1,0
251,40,49207.88550686211,13429.487457560026,101.78181564879019,105,5,636.6512740316406,15,0,BR003,Deposit,0,0
252,54,54344.059226008176,6381.719214863746,519.1135401832682,41,5,702.8941086636052,10,1,BR002,Bill Payment,1,0
253,49,88167.26352633834,12001.993647573,492.2117358974206,173,3,826.1755265663661,34,1,BR002,Transfer,0,0
254,50,109732.71656927622,26863.048472477192,66.56172147934831,74,5,793.3374659858837,22,0,BR004,Deposit,0,0
255,18,36097.32809890728,14023.082124589426,984.8754584180801,158,2,762.6134434687051,4,2,BR001,Deposit,0,0
256,36,40903.36446846314,2843.9863392900334,26.62908498076949,77,2,754.698091408567,34,0,BR003,Transfer,1,0
257,19,61286.4706925528,20679.73505054583,22.644102349895842,85,5,747.9615063424579,28,0,BR002,Bill Payment,1,0
258,70,67441.03411349695,15262.883131227947,82.98211215370596,173,1,780.1128384156909,4,1,BR002,Bill Payment,0,0
259,61,82313.3304422099,1783.5435387128255,960.7889405343217,104,3,667.0359849994667,2,0,BR001,Withdrawal,0,0
260,43,45395.073810767295,0.0,293.5861067325699,173,2,604.1439753957495,5,1,BR003,Withdrawal,0,0
261,49,41611.60119371179,3203.9619670315133,620.356146824745,79,5,703.8302450515943,22,1,BR003,Deposit,0,0
262,23,68037.91736893986,19526.7162060455,103.42705013242453,84,5,641.7692889255617,1,1,BR001,Withdrawal,0,0
263,49,59315.18415544229,9285.580797212586,269.5119569716841,173,2,625.148547123597,17,0,BR004,Transfer,0,0
264,72,85387.86195097354,12730.282670598697,177.44718195480317,133,2,648.5804996388448,29,0,BR004,Transfer,0,0
265,21,75721.91567018843,0.0,703.7059311081986,124,1,872.9719747173581,37,1,BR001,Transfer,0,0
266,72,77218.34564793081,19768.97081115681,9.14553446600761,32,5,708.5287243853091,4,2,BR001,Deposit,1,0
267,28,62701.410379708934,0.0,111.80235811692118,6,5,724.3335485452692,10,0,BR004,Transfer,0,0
268,73,116822.76568850053,6101.602355390836,66.2208095442808,94,4,613.4346035097022,0,2,BR001,Deposit,0,0
269,34,46569.54440493728,15766.174732024145,784.1347953197977,26,1,569.937292884516,9,2,BR003,Deposit,0,0
270,55,78437.81634260505,1896.316994645893,252.10189265279874,37,2,641.6663149816836,25,0,BR004,Transfer,0,0
271,41,37066.82028439164,17527.163515053988,207.1535525005724,13,2,799.6736909646124,32,1,BR004,Transfer,0,0
272,22,41383.71108973205,4177.254193035579,238.75880405670617,93,3,722.3992826253565,26,0,BR004,Deposit,0,0
273,69,51638.39682715999,965.3646646532379,1429.1439100027894,25,2,740.9016564011074,11,0,BR003,Transfer,0,0
274,51,100845.11340559658,23578.33858180027,759.5616818262952,141,5,750.6996227441443,1,0,BR001,Withdrawal,0,0
275,23,70805.67746998843,13385.371737891044,490.1722499960951,20,2,657.6055434141206,0,1,BR002,Deposit,1,0
276,39,52009.482492023744,16671.324702446636,137.2660508162345,72,5,796.1575908781357,0,0,BR002,Bill Payment,1,0
277,28,73237.5991710006,21163.886260974272,72.21230425964109,149,5,654.7034680544473,32,0,BR003,Deposit,0,0
278,65,65773.25339133918,0.0,1017.5246085139465,115,1,797.4362651483787,21,0,BR003,Transfer,0,0
279,33,54176.58587893937,17713.043759732875,220.0175639077818,127,2,729.9611509294739,11,2,BR001,Transfer,0,0
280,50,34274.16517265899,5150.773339550875,130.71100081994948,26,1,573.7668392027574,38,1,BR002,Deposit,0,0
281,26,96647.93465927038,6336.544883034772,254.64687672617865,54,5,646.6393359379625,35,2,BR004,Deposit,0,0
282,23,69615.99883162092,15936.969698990279,999.6708253431908,170,2,574.0543026989527,20,1,BR003,Bill Payment,0,0
283,33,112822.24421630125,8732.633039314926,195.80006353967394,139,2,780.4297492955945,19,0,BR002,Bill Payment,0,0
284,46,85687.07565189936,17350.689679108684,330.80036182074775,165,1,697.2685205438319,35,2,BR004,Deposit,1,0
285,20,77129.03394474293,11632.413292355264,649.7522018042797,125,1,543.0160292035154,25,2,BR004,Transfer,0,0
286,37,55425.50477042673,13513.881132156514,222.84035291919304,11,5,725.3022817203761,30,0,BR001,Deposit,0,0
287,53,40902.397595147835,7588.0056718623955,106.39004730595043,27,5,661.3985016328176,0,1,BR003,Withdrawal,0,0
288,36,60209.91834125416,2415.600397576756,2083.0798814350574,94,2,595.1335901476674,37,0,BR004,Withdrawal,0,0
289,43,40265.56292747172,5337.141863272454,1254.6498303780238,83,2,816.4576085878089,13,2,BR003,Transfer,0,0
290,20,79304.18837607659,11074.5828256805,741.8264692921044,34,4,706.5100106267605,25,1,BR002,Deposit,0,0
291,36,100918.35494933688,28535.14553497085,466.3804564443751,38,4,678.4598018380681,6,0,BR002,Deposit,1,0
292,37,59259.93014542313,25247.157592021882,139.74675833950087,87,3,671.0402653309789,11,2,BR003,Withdrawal,0,0
293,49,85778.80139260633,6120.336199265448,978.6419504029975,65,5,593.0704371589559,23,0,BR004,Deposit,0,0
294,24,49836.96045522916,12542.319095992278,128.94069596389593,131,3,607.6815770291123,18,1,BR004,Transfer,0,0
295,69,58345.729559438274,9410.493234485572,645.3974396031717,156,3,788.9441749412558,8,0,BR002,Transfer,0,0
296,58,47070.792339560256,13172.399569821217,1001.6757551406396,142,1,665.8281991149996,34,0,BR004,Bill Payment,0,0
297,50,18071.073228448768,14330.214727884984,369.5314687874871,52,1,700.5447390655804,3,1,BR004,Transfer,0,0
298,57,64196.266301790565,16747.63514180041,649.9347843903604,30,4,555.8968666659248,31,0,BR002,Deposit,0,0
299,56,67825.93822715056,0.0,627.5009613583795,113,3,606.7335574943146,5,0,BR001,Deposit,0,0
300,35,88448.94197275603,15298.48799298246,85.85084331410106,143,4,741.6868763912327,27,0,BR002,Withdrawal,1,0
301,57,82499.64155872432,8409.710737050176,440.9571387075864,166,5,725.4398232079684,27,0,BR003,Withdrawal,0,0
302,18,82796.9637788579,5655.558771915566,39.2515516810125,142,2,821.7362639107021,39,0,BR001,Transfer,0,0
303,28,43571.20309140671,19148.310103458633,283.5888086992512,8,1,793.0069432141859,28,0,BR003,Bill Payment,0,0
304,45,75108.94073355522,25201.419747642918,70.80732068458182,72,5,682.8502319260624,4,1,BR001,Deposit,1,0
305,74,99817.06724059503,18201.028296372664,215.38117285755578,147,5,732.106749529929,4,0,BR001,Bill Payment,0,0
306,42,73357.09271559979,7333.035535100148,715.8616540761985,32,1,676.8377589967848,36,2,BR002,Deposit,0,0
307,67,105229.05948742994,2315.9491487498053,1742.3202921159625,95,1,842.8366873047054,27,0,BR002,Transfer,0,0
308,40,109417.25444463699,0.0,153.0666900053151,157,3,779.431028723668,8,0,BR003,Transfer,0,0
309,48,59093.6980535838,13642.643969232202,303.6769307299302,41,4,710.8779563600426,28,1,BR002,Withdrawal,1,0
310,47,49667.325608227424,17211.14497014993,286.4009728367651,75,5,713.0276349413446,13,0,BR001,Bill Payment,1,0
311,59,48247.8323607831,11083.228409117728,1235.1522693361399,45,3,800.1395201081866,37,0,BR002,Withdrawal,0,0
312,52,31645.011957729163,20403.71587954193,260.48263127429146,13,3,739.5704492979693,39,1,BR003,Transfer,0,0
313,24,53595.13621285852,118.28787750756783,480.3991673424232,155,5,808.103961194906,33,0,BR001,Bill Payment,0,0
314,33,91568.63989463742,10458.849391904561,1019.3391827497022,19,5,545.4446451618788,36,0,BR003,Deposit,0,0
315,43,18000.0,9747.29136370899,186.96507356170983,154,2,731.2859783049158,13,2,BR004,Withdrawal,0,0
316,65,42176.025184297585,11009.021841695403,929.6143631633903,53,4,662.919559472303,17,0,BR002,Transfer,0,0
317,74,62203.10828365605,22511.384966585167,997.7705930551265,179,5,821.9464591339595,32,0,BR001,Deposit,0,0
318,69,45701.9255863226,11056.419983111136,1067.5077803262313,165,1,807.2479081032881,33,0,BR003,Transfer,0,0
319,66,53399.70922671515,9346.867943047235,126.12885787242183,137,2,701.2985066370915,27,1,BR002,Deposit,0,0
320,19,53728.74716270932,3569.758681705218,204.56738262929468,3,4,806.4941685167722,35,1,BR002,Withdrawal,0,0
321,18,59334.11515864152,23957.215242793136,817.3083692919246,96,1,823.8180163994755,36,1,BR003,Deposit,0,0
322,65,48951.99668558575,0.0,177.99132396381341,136,1,704.2084670348303,22,0,BR001,Bill Payment,0,0
323,29,47153.30929517794,7023.005104373287,366.76940574901613,14,4,872.03536407023,16,0,BR003,Deposit,1,0
324,22,85554.81441026709,27245.433603877438,50.25000979983679,120,2,696.8061193131194,10,0,BR002,Transfer,0,0
325,54,88092.39191292759,16214.18968264381,23.16818249532054,131,1,683.9835334764864,31,1,BR003,Deposit,0,0
326,49,34628.046404557,11818.410134688569,212.4072436734666,152,3,759.611081200904,36,1,BR004,Withdrawal,0,0
327,72,18000.0,12195.228499736557,345.9696820303468,13,4,674.234648820038,14,0,BR002,Transfer,1,0
328,26,88394.24669056048,3482.5981137796407,199.49236644302775,171,4,704.9737843056425,3,0,BR001,Transfer,1,0
329,58,37966.39079185297,11383.254796282277,344.8496095314124,157,5,797.6604096835637,38,0,BR004,Transfer,0,0
330,52,69680.38644611428,8851.207449037862,289.51214986706606,72,2,700.3453196552089,29,0,BR003,Transfer,0,0
331,36,30555.218793379216,13616.657395095037,462.9721346686059,179,3,580.3487544917284,9,0,BR001,Bill Payment,0,0
332,65,93550.60967571278,0.0,419.39484191697494,170,3,724.7123571494437,22,0,BR004,Transfer,0,0
333,33,120960.6936966336,15580.668069923873,220.82971094370563,159,5,650.2594494663324,23,2,BR003,Transfer,1,0
334,20,69021.7520025174,21149.66707397678,221.35078427534904,154,1,759.5689810106182,35,0,BR004,Transfer,0,0
335,37,62929.74173389063,10165.591873914838,60.69133842492811,146,1,747.7332801078372,4,0,BR002,Withdrawal,0,0
336,41,57912.92934581859,17823.885539752264,287.9924628128221,82,3,801.9980243716566,36,0,BR001,Withdrawal,0,0
337,71,82199.58484888406,14793.116473601196,353.89660176248077,57,2,762.5272610554888,18,1,BR004,Transfer,1,0
338,73,77489.10852056088,6530.338738505497,258.87919819732457,7,1,775.3170998560645,36,0,BR002,Bill Payment,0,0
339,50,87076.96597816302,2473.2688218859657,157.63641655091592,112,4,652.1632267903601,7,1,BR003,Deposit,0,0
340,41,51185.83650284218,3734.503601514072,511.54829377847227,48,5,755.2790547123352,6,1,BR002,Bill Payment,0,0
341,69,72482.58954090219,14636.033122392435,31.03832751267076,80,2,836.7915902552203,39,0,BR003,Transfer,0,0
342,28,53065.702532463685,11494.69381213316,983.4166865413301,119,1,650.7945063954263,12,1,BR001,Transfer,0,0
343,66,41730.2557424588,23475.83719693528,8.343797567889313,120,3,824.9816804208969,36,0,BR002,Bill Payment,0,0
344,25,64097.6607379238,19117.83100983505,1311.7703475679534,60,5,660.5454936159068,26,0,BR002,Transfer,1,0
345,53,44704.719931704196,19099.06484814571,248.22316225449205,33,1,639.3620128465018,17,2,BR003,Deposit,0,0
346,55,90821.99395033694,14367.727215410001,212.86733647936842,115,3,719.7340310348386,23,1,BR004,Withdrawal,0,0
347,57,46037.75168365189,3340.209456105018,118.52448798769299,128,1,749.1137291290166,1,0,BR003,Deposit,1,0
348,37,72998.01069512192,14928.053663774925,5.0,3,5,762.8225086780585,15,0,BR004,Deposit,1,0
349,52,51724.70942728611,12574.678485254004,128.51775020447477,4,4,631.6766305458759,13,1,BR003,Deposit,0,0
350,65,71095.38050962526,1754.5675029982685,46.34392095941162,100,4,729.4178068078003,16,1,BR001,Bill Payment,0,0
351,42,53472.075383982155,22889.543327028405,431.3131467591144,4,3,651.0111799961546,5,1,BR004,Bill Payment,0,0
352,52,37341.35195313417,21920.604374362367,153.72122816267532,42,4,594.7754420750597,34,0,BR002,Deposit,0,0
353,42,75643.00030094059,1702.6577002464564,582.99470862001,9,5,633.988457912705,16,0,BR004,Bill Payment,0,0
354,46,59820.85631790912,6259.845853951244,92.73054892878203,51,3,646.4369743830928,37,0,BR003,Transfer,1,0
355,35,71291.6686958941,7050.44802503571,921.9745718166088,145,1,735.5116612246755,39,1,BR003,Withdrawal,0,0
356,63,55565.45541613037,17488.663894196536,296.0800145783907,145,2,779.6549564148067,5,3,BR004,Bill Payment,0,0
357,35,35785.39669709405,16452.526624085967,48.64392779603699,97,1,595.8755359087313,37,0,BR002,Bill Payment,0,0
358,19,88829.92913523765,12399.664915077208,204.89413721703266,20,5,723.6372751945639,20,0,BR001,Deposit,0,0
359,71,81208.67061970395,14464.715523592127,92.65204625383544,142,3,616.6311269960365,34,0,BR002,Withdrawal,0,0
360,52,52526.85853782864,411.3102319901991,89.10016452563673,22,1,743.03597863098,22,0,BR004,Transfer,1,0
361,33,66535.14269697355,15432.251532226073,282.387399525472,27,3,655.4088593297377,11,0,BR003,Transfer,0,0
362,58,87924.42862958461,11092.031620085365,445.7650016633581,43,4,625.4069687383704,28,1,BR002,Withdrawal,0,0
363,53,54945.15661102727,5888.611356972694,970.4357100627835,131,2,754.9765160743302,26,0,BR003,Transfer,0,0
364,50,58358.54088580786,0.0,278.9922310820052,94,5,657.9154176188433,5,0,BR003,Withdrawal,1,0
365,21,70359.91500016222,12242.650405677168,1350.6656207026017,8,1,676.8825234053111,20,2,BR002,Deposit,0,0
366,50,54899.99660179911,15212.63906596029,1136.4145397485966,86,2,543.6007638710537,6,2,BR004,Transfer,0,0
367,31,83856.02393371449,0.0,801.1775171665533,89,5,765.2585952996432,15,0,BR002,Transfer,0,0
368,38,61284.182833236366,12166.374635907869,277.24068460740597,138,5,756.4635964818375,4,1,BR001,Withdrawal,0,0
369,65,47751.21075013257,13100.15776663646,60.74981593454524,113,4,699.3820490996919,14,1,BR003,Transfer,0,0
370,37,78390.05425722788,7011.934111671055,98.31135381460683,157,3,592.0693341050969,20,2,BR003,Bill Payment,0,0
371,73,39873.12571251037,15418.543821556568,417.2748201039839,168,3,783.6558424834334,3,1,BR004,Deposit,0,0
372,25,109327.3283447327,10806.038253504123,219.103036236445,21,2,652.3615629547446,4,0,BR003,Transfer,0,0
373,24,99814.91999876445,14548.539048027273,63.505281958925885,152,4,667.2652584929589,6,0,BR003,Transfer,0,0
374,20,76296.90049226233,16808.222395875502,260.79743744400525,154,5,860.8430839451671,34,1,BR003,Transfer,0,0
375,34,74445.28248003784,16813.26215535471,7.033698454513263,9,4,649.7454489123539,35,1,BR002,Withdrawal,1,0
376,50,73413.71119202457,21151.38444101852,529.5462820226321,148,4,750.954697369855,14,2,BR003,Deposit,0,0
377,65,54239.91470978405,15044.92669906122,30.571592301690455,36,2,738.3464583457833,27,0,BR002,Deposit,0,0
378,29,71540.81220497853,7706.633333008614,396.7438065648662,36,3,726.312053501606,1,0,BR004,Transfer,1,0
379,68,44691.08256992734,6169.889597221227,630.0345128997383,73,4,718.7400379788157,4,1,BR001,Transfer,1,0
380,39,76084.00520568399,2430.221224182398,56.922252172132815,150,4,725.3471993322439,6,0,BR003,Withdrawal,1,0
381,72,84092.6327466885,13360.616788016154,292.4548512005884,1,4,718.0358413658378,21,1,BR001,Deposit,1,0
382,39,56682.10577836664,23891.805431872708,603.959247590667,69,1,695.3657148856757,30,1,BR002,Bill Payment,0,0
383,63,51907.760528596176,8773.926546115648,120.78459172804352,37,4,804.7898186877519,31,0,BR004,Transfer,0,0
384,47,38325.50545774598,16046.474229389638,71.13262540762342,72,4,607.1137607440505,7,0,BR004,Bill Payment,0,0
385,55,97075.0151384452,5229.479959363555,164.28299674886935,107,5,770.5020672810764,10,0,BR002,Bill Payment,0,0
386,55,53655.391255471346,13753.24423644571,323.60208701128875,96,1,756.5639609081286,0,1,BR001,Deposit,1,0
387,62,60627.74120763429,23334.12415266996,342.5296787183102,141,4,747.8879384930581,39,0,BR003,Bill Payment,0,0
388,68,71603.42286990596,18176.231759987484,56.107941926875114,84,4,777.1885599348091,18,2,BR002,Transfer,1,0
389,71,71208.56814357857,0.0,244.67764391033205,43,2,692.5180423312125,37,2,BR002,Transfer,1,0
390,25,81424.32210498354,17136.2533443199,124.9441409528662,37,2,568.1718146921187,36,1,BR002,Withdrawal,0,0
391,44,56654.74176355677,17546.032009141967,738.1254146382695,25,1,693.939513819986,6,0,BR002,Deposit,1,0
392,44,39949.30535363991,13561.3827590438,150.50340078168506,149,5,629.6164047662812,38,0,BR002,Deposit,0,0
393,51,36099.36320260905,18007.69901432107,729.8069378685193,169,1,647.7698553099356,24,0,BR004,Bill Payment,0,0
394,38,52256.38487745738,4498.481642542156,223.84154402387853,73,1,612.0306228317312,21,0,BR002,Transfer,0,0
395,47,44059.28955715827,12569.368393236775,518.706917000516,170,2,665.5858599089316,26,0,BR004,Transfer,0,0
396,50,58320.43248322932,21991.565468442917,285.3891243313571,42,2,657.2363414211586,37,0,BR001,Withdrawal,0,0
397,45,93766.73383671962,21179.54535119731,389.1048841161092,2,5,532.5701119051029,38,2,BR003,Bill Payment,0,0
398,64,56699.879470558844,16932.40476605374,201.24650751703683,136,4,748.0155337897602,14,1,BR004,Transfer,0,0
399,50,56691.68105063975,4053.042988492053,584.7638181025385,96,5,854.4225300603417,1,1,BR003,Deposit,1,0
400,22,64639.226922372654,2635.8260644264938,221.48586206936102,61,4,741.4366035447403,7,0,BR003,Withdrawal,0,0
401,65,56076.25019333455,13030.893069990188,244.59859941152803,14,3,684.7953230426041,5,0,BR003,Deposit,1,0
402,36,63517.39281419973,13626.968148532564,291.65788945265206,113,2,695.1677523026649,19,0,BR004,Withdrawal,0,0
403,21,76899.12289458963,11096.65404950469,713.0979731369589,77,3,669.5309892390777,26,0,BR004,Deposit,0,0
404,52,84464.5232047929,4756.935196230125,430.793858856011,21,3,705.3029108706871,22,0,BR004,Bill Payment,0,0
405,66,87070.69039425852,15932.649678513542,171.7968146640674,152,2,696.4094334148737,39,0,BR001,Transfer,0,0
406,34,110250.74885608244,12991.488138250872,443.8526726915085,178,3,640.1266098721194,16,0,BR004,Deposit,0,0
407,61,77525.90781579363,14608.418848954261,411.3658191007814,173,1,816.8021872263482,12,0,BR001,Bill Payment,0,0
408,45,114158.5358296848,17340.90383661699,1069.5712695954949,64,4,594.899203500316,3,1,BR004,Deposit,0,0
409,47,47917.40022268785,9537.151910897886,736.5894428357775,154,5,749.2832080235972,19,0,BR004,Bill Payment,0,0
410,46,111008.26785334088,7601.17460358507,417.02163885841264,160,2,691.9161660877728,24,2,BR003,Withdrawal,0,0
411,63,56631.72680716902,21968.08790977761,167.12062246496353,57,1,832.0582270546022,21,1,BR002,Bill Payment,0,0
412,70,58795.58352321322,5183.773621228487,604.8817404263134,119,5,722.8605219473754,16,0,BR003,Deposit,0,0
413,23,62362.803956696785,7777.432204841931,342.46253260834675,161,5,673.8066123971727,39,0,BR004,Transfer,0,0
414,52,60190.34435450791,23108.230338847257,1687.1472962776193,52,5,681.6604961095852,10,1,BR002,Withdrawal,0,0
415,58,66888.48872798307,7076.7817409130585,113.74497066843216,95,3,701.7934686163833,24,1,BR002,Withdrawal,1,0
416,54,52239.38394525433,11112.44120723496,33.20303717882599,146,3,619.004651350252,4,1,BR001,Bill Payment,1,0
417,41,83259.16780757018,8292.271177982746,28.981747319005883,163,3,645.3191332417462,20,0,BR002,Deposit,0,0
418,46,52837.62923833405,0.0,408.69426527315323,140,3,574.05392215657,25,1,BR001,Bill Payment,0,0
419,66,79423.42876156361,10890.231131956829,1120.4626352331709,179,1,634.3916171138135,15,0,BR003,Withdrawal,0,0
420,63,98609.91962952282,2904.4041277930683,5.0,89,3,705.5734537162315,39,2,BR001,Transfer,0,0
421,70,57143.74786422972,14291.223893792048,517.5167705858576,10,2,720.0122534499164,20,2,BR004,Bill Payment,0,0
422,48,82476.43519554191,21950.746590370007,428.08595456585107,52,5,560.4469213502518,31,0,BR002,Deposit,0,0
423,52,77301.50435587007,0.0,527.1615954873624,34,1,689.3951807869059,3,0,BR004,Bill Payment,1,0
424,50,114563.5114088345,8337.747143997478,175.653478965986,115,3,738.4386965575493,37,0,BR002,Bill Payment,0,0
425,69,53893.7275734111,16070.90909668483,687.0241057319722,167,5,687.5961464636636,7,0,BR002,Bill Payment,0,0
426,38,82491.57556972725,0.0,18.294842993370363,136,1,654.634794795554,8,0,BR003,Transfer,0,0
427,49,29227.755980915834,24026.388243800084,563.3032850870475,125,5,670.148719846625,16,1,BR001,Deposit,0,0
428,40,54091.11496379011,15419.028331231351,124.28309134554092,157,1,661.1465651515945,12,1,BR003,Deposit,0,0
429,50,72774.64242713197,21748.91539738711,259.1454724391784,150,4,654.428860862436,8,0,BR001,Withdrawal,0,0
430,20,95649.51931997518,6924.469231997137,691.8210768011828,43,1,711.1676467671393,5,1,BR003,Withdrawal,0,0
431,35,38029.46597034753,8010.113067514281,126.6296687939213,177,3,860.5381759414815,26,0,BR003,Bill Payment,0,0
432,42,82293.99409630444,10551.572806808375,81.9287254701149,29,5,646.9410058166371,36,0,BR002,Withdrawal,1,0
433,59,63609.0839573749,31243.881427963857,457.4185722807029,106,5,676.7300157137001,38,0,BR003,Deposit,1,0
434,48,31526.39162536912,23862.9482444736,304.9087884478236,120,5,695.3811442437337,23,1,BR003,Bill Payment,0,0
435,71,68994.91061087338,13191.129295578723,288.95120248353317,81,2,650.8851895949194,8,1,BR001,Withdrawal,1,0
436,20,102601.54712552065,14289.615944857054,118.69962979165753,31,2,775.8765062466399,10,0,BR003,Transfer,0,0
437,57,40350.70148194443,17714.134304264397,14.201259966098922,162,3,533.0380238685493,34,0,BR002,Withdrawal,0,0
438,63,62581.37026185596,33523.99338892313,211.23560512878527,128,4,661.8258580734927,28,0,BR003,Transfer,0,0
439,41,43293.94233792955,15444.478137513457,45.070206716763565,38,2,756.2819615423973,7,0,BR004,Withdrawal,0,0
440,67,54691.17549797965,12413.634565068929,945.7380338987365,101,1,678.4133984127957,16,0,BR004,Deposit,1,0
441,49,96507.74315754193,8952.61443046511,16.85010547590238,132,3,641.5412728804796,6,0,BR001,Withdrawal,0,0
442,64,59026.461539189586,14114.23722767497,226.0077423080776,130,4,729.8529728107135,11,1,BR001,Transfer,0,0
443,39,95834.44622533719,6716.803634839118,21.463945929710455,12,1,762.4440264778007,14,1,BR004,Transfer,0,0
444,40,89399.1890544949,16464.831042691854,40.16859292191537,35,5,713.7444811650541,28,0,BR003,Withdrawal,0,0
445,19,57019.765903342144,0.0,430.1927488111221,110,2,642.9145748130982,23,2,BR003,Bill Payment,0,0
446,44,53942.81186666289,9655.494695343006,416.6409834504486,72,1,730.934232340622,36,2,BR001,Transfer,0,0
447,59,45288.02625008096,18611.69569254603,13.444304430411231,149,4,670.8565489807647,13,0,BR002,Deposit,0,0
448,19,44520.613727745105,15322.112889036185,5.0,110,3,751.1630817325679,10,2,BR003,Withdrawal,0,0
449,43,72770.56267917255,7836.3784195351345,32.839093923646345,61,1,802.8281219399614,34,2,BR004,Transfer,1,0
450,34,64564.72306527076,9911.779406250254,575.8761947413434,163,3,516.6096271018027,16,0,BR002,Withdrawal,1,0
451,57,51280.680431557455,21318.012180229904,351.3826926277449,48,5,706.7747231236942,26,0,BR002,Withdrawal,0,0
452,50,30927.215713287864,1106.38473578921,15.545500747029495,143,4,577.4986244136661,2,0,BR003,Bill Payment,0,0
453,26,67335.93289208866,1158.6571687980286,267.8480624094521,71,4,869.925200973084,1,0,BR002,Withdrawal,1,0
454,60,54669.85206065067,3633.294430402526,497.9586953034726,143,2,666.2312826342667,3,1,BR001,Withdrawal,0,0
455,71,60703.45069719393,11903.899221600208,812.8747964061167,134,4,751.246126927776,17,2,BR002,Withdrawal,0,0
456,65,71702.5602313578,0.0,1087.4614314511823,68,1,696.5278198283573,19,1,BR001,Deposit,0,0
457,56,18000.0,20577.014334893833,158.66591567487413,22,1,642.7840793496658,20,2,BR003,Withdrawal,0,0
458,46,31267.958718399255,3681.367870297212,58.39543215516861,32,1,634.4562866975801,13,0,BR002,Deposit,1,0
459,59,115521.74768971415,14019.200019688164,108.16006517468057,123,5,809.9975421170532,7,0,BR004,Withdrawal,1,0
460,72,53854.56885260841,6788.342091725373,598.7500439222639,22,4,765.9156642124817,1,2,BR004,Bill Payment,0,0
461,43,18000.0,11410.526272442467,1422.9189947463265,155,4,835.0508861164294,25,1,BR001,Bill Payment,0,0
462,52,33101.31605064245,0.0,251.2387291934835,110,1,702.881733461039,18,0,BR001,Transfer,0,0
463,67,119658.28211011153,21011.846206889604,145.7407134149788,15,2,719.15437348722,27,1,BR003,Withdrawal,0,0
464,42,49534.05587406352,3346.518014657391,224.27995751837733,124,2,680.2965904041298,28,3,BR002,Bill Payment,1,0
465,41,90498.33538773745,2404.0495106066774,145.42984517084082,44,4,678.9042457819494,4,0,BR001,Bill Payment,0,0
466,30,67664.59596341851,33411.08112061884,118.54789282488424,115,4,626.0679147265843,27,0,BR001,Withdrawal,0,0
467,24,54330.725175022635,16988.76579861847,360.31535896764643,9,3,704.8807133647045,25,1,BR003,Transfer,0,0
468,74,82059.80035678804,20661.747674547674,6.344442116307075,34,4,643.7527383579662,4,0,BR002,Deposit,1,0
469,53,18000.0,16130.022567257089,120.20008255717971,73,1,729.9336245514942,14,1,BR002,Bill Payment,0,0
470,62,33295.08236315474,7927.674960122385,433.1531522061926,143,5,710.9007153286146,8,0,BR001,Bill Payment,0,0
471,37,54168.277732929666,238.35128290490502,13.035185086058101,45,4,719.1377430573006,31,0,BR002,Deposit,1,0
472,18,35456.10323806862,9310.616513169072,34.74716575261528,72,4,816.2590957783158,25,0,BR002,Bill Payment,1,0
473,25,52222.888652912625,3196.565899269939,138.91403522617784,58,1,696.3597435164086,36,0,BR002,Deposit,1,0
474,63,83781.68700502222,3736.963448089329,840.8542006006535,115,3,751.97089019974,14,0,BR004,Deposit,0,0
475,33,67907.00786939159,0.0,579.0741829221117,19,4,842.6056624859907,3,2,BR002,Transfer,0,0
476,31,94273.57478121096,13030.283638159464,8.962309820196117,16,2,790.4631948506533,35,1,BR004,Deposit,0,0
477,29,69298.25625573838,26160.709327732613,278.63147794134505,75,2,779.7218788918391,19,0,BR002,Deposit,0,0
478,68,86834.13829287958,17023.23050723804,128.4610696894943,106,2,677.531824913565,26,1,BR002,Deposit,1,0
479,40,63590.453397173056,11047.886509334588,418.3840185582113,136,5,715.0750138897457,20,1,BR002,Deposit,0,0
480,32,52013.93936608478,11634.853144708635,511.41228505465506,161,5,606.7206595579041,21,1,BR001,Bill Payment,0,0
481,45,97572.49722192154,0.0,794.7087077046695,74,4,733.924008067509,6,1,BR001,Deposit,1,0
482,51,49394.29366540653,8185.481202905612,258.06006537102263,18,4,718.212212432969,30,1,BR004,Bill Payment,0,0
483,19,72564.58610873458,0.0,2077.5893222041714,163,4,700.6369587609327,16,0,BR002,Withdrawal,0,0
484,49,81915.7419909384,13209.712751120489,1564.5314443725142,43,5,770.9036351770002,6,1,BR004,Withdrawal,1,0
485,40,83512.83949835885,9660.216101985892,855.3938291496538,50,4,614.4557624302922,18,1,BR002,Deposit,0,0
486,39,39360.26125515957,4176.259129132137,342.1436347911304,3,1,813.4403995812243,27,1,BR003,Transfer,1,0
487,68,88142.90892822185,13007.070340397391,203.00341090336963,59,3,762.1235281558198,9,0,BR004,Transfer,0,0
488,42,43462.98458564006,12929.512377062487,181.2657224271459,28,2,694.0556214243618,26,0,BR001,Bill Payment,0,0
489,39,82835.48041769986,25667.616355107846,5.0,46,2,688.5889288527825,12,1,BR003,Bill Payment,1,0
490,39,76773.81636308017,18177.757504020567,114.6328029607042,64,1,732.6427850674016,1,2,BR001,Withdrawal,0,0
491,66,83009.87455915776,13952.755110331855,507.4873617999682,70,4,805.4595862444646,21,1,BR003,Bill Payment,0,0
492,69,38489.922535821395,3472.369737137469,370.16498333790605,47,5,706.1125403083007,19,0,BR003,Transfer,0,0
493,59,77934.45434015662,2339.0479280326053,992.7908859144228,142,4,709.0821631385459,4,0,BR003,Withdrawal,0,0
494,23,88883.06088097978,17389.632066929466,20.526693408711797,135,4,700.268293433811,5,0,BR004,Deposit,0,0
495,32,69254.70722955829,10199.37564803613,67.49841850039864,159,2,823.7416878891031,34,0,BR004,Bill Payment,0,0
496,71,46990.43304869931,14244.290320139467,622.8212853072384,106,2,673.1781827944084,0,0,BR001,Deposit,0,0
497,60,85234.44751521578,20802.004717544038,177.5831963435941,81,5,696.934468096665,34,1,BR004,Bill Payment,0,0
498,54,67506.23181821694,0.0,50.38193378905823,51,2,801.4404957982696,2,2,BR001,Transfer,0,0
499,50,28162.22619579069,24573.318465260945,2256.3799869332274,29,4,709.2907583529004,35,0,BR002,Bill Payment,0,0
500,25,45283.83182903347,20724.436082540968,619.0555736729481,113,1,778.5941202031865,6,0,BR001,Transfer,0,0
501,70,53421.52031300658,0.0,210.20047178950975,143,5,635.2103960167929,28,0,BR001,Transfer,0,0
502,61,98128.00232807244,33177.832040198795,693.4282489978426,128,1,684.629523486004,14,0,BR004,Deposit,0,0
503,61,94264.0278987367,14892.386871733108,456.5292640464266,90,4,802.910382690816,10,1,BR001,Bill Payment,0,0
504,22,94193.30768324687,7693.155296193416,624.2110251850431,25,5,651.6562198965519,17,1,BR004,Deposit,1,0
505,56,70111.92610904506,16671.56001244433,675.406252402677,41,1,688.4090672161204,3,0,BR001,Transfer,1,0
506,21,85099.08541914239,3202.728267551378,35.41389466643563,69,5,716.9679661624035,23,0,BR002,Transfer,1,0
507,23,39902.8530089104,16915.15517874196,390.17527126930327,4,4,629.7591837404909,10,1,BR004,Transfer,1,0
508,62,65149.66816464096,4858.531874982198,5.0,105,5,670.0332916964672,5,0,BR004,Transfer,0,0
509,49,74935.91943629112,30183.235819235408,17.771499042034336,31,4,706.8845677277948,17,0,BR002,Withdrawal,0,0
510,69,41352.22073919936,12540.90174515761,937.2795480765499,131,5,702.2677213913373,14,0,BR004,Transfer,0,0
511,47,69618.06597212114,17848.407468655416,299.9409604628689,117,5,788.6246414585995,2,0,BR001,Bill Payment,0,0
512,64,102106.06208769558,4925.414103130749,532.5739916353326,90,2,806.9020036382577,16,1,BR003,Transfer,0,0
513,52,77292.93526033379,19348.46421504022,729.3025076452516,178,4,639.0740589599362,32,0,BR004,Withdrawal,1,0
514,72,85185.99454661066,11886.779428480992,1195.0006360171471,145,3,706.7887963417243,33,0,BR003,Bill Payment,0,0
515,57,18000.0,0.0,814.1020341443954,66,5,746.1973815897336,29,1,BR001,Withdrawal,0,0
516,69,99275.31468136434,9851.135521005768,264.12600050957036,88,1,805.1443226059438,18,0,BR002,Withdrawal,1,0
517,33,60905.30834945227,29379.99961976284,163.7713650820319,24,2,749.2943208121991,8,1,BR004,Bill Payment,0,0
518,30,48088.90109045907,19730.79323438977,67.12764436767516,99,2,719.3639381114632,39,0,BR003,Withdrawal,0,0
519,67,61157.96726018154,8589.224379841558,204.5446286023172,160,5,745.6579772387842,30,0,BR002,Transfer,0,0
520,59,32329.512517820247,0.0,182.5940575091839,105,3,746.1638184035382,26,2,BR002,Deposit,0,0
521,47,88054.72535854713,4507.579395924316,328.0059001297647,19,2,634.0599995400942,24,0,BR004,Deposit,0,0
522,36,57621.294098976556,0.0,438.0586110534816,66,4,712.4959154754388,6,0,BR003,Deposit,1,0
523,34,48750.12213542647,0.0,1532.6470951496763,60,5,801.1412695932083,6,1,BR004,Bill Payment,0,0
524,73,61302.78855485597,19070.32017148772,521.3496093602994,115,5,684.4850261914197,19,1,BR001,Bill Payment,0,0
525,36,89596.3444006751,12561.48656742149,412.8473711797203,15,3,708.0612649783211,35,3,BR002,Bill Payment,1,0
526,45,67892.08481718686,28155.976035095468,163.2428987549154,85,4,682.0238485331785,18,0,BR003,Deposit,0,0
527,72,33986.73707026373,3021.2229108213396,14.045276855207842,163,4,537.0298353075187,1,0,BR004,Deposit,1,0
528,43,75229.57825430381,11979.471587167827,135.94125031527022,155,3,700.4413124064275,33,0,BR002,Bill Payment,0,0
529,54,44562.44100490225,0.0,585.1801515063851,88,1,720.1254351457011,16,1,BR004,Deposit,0,0
530,43,18000.0,6646.139749503818,91.90211469966412,7,4,663.1254626383369,23,1,BR003,Withdrawal,0,0
531,70,97912.15867977792,10001.010342606727,498.1793850780821,6,1,618.1754135780691,8,1,BR001,Withdrawal,0,0
532,40,75059.05724620915,8628.114289695171,346.79060827312765,125,1,637.3575478152845,0,0,BR001,Deposit,0,0
533,26,63278.04539632487,12481.86567553951,75.42771076627481,33,5,752.4931331294895,27,0,BR001,Bill Payment,1,0
534,29,57396.590676672626,20744.486069262482,121.3212764043527,58,5,837.0767341132834,14,1,BR004,Transfer,0,0
535,70,95735.74901613295,19797.758269090988,274.31263211569217,177,2,795.7703338633803,20,0,BR002,Transfer,0,0
536,18,132917.41330436492,5075.988743178306,216.77154472128854,145,5,604.8957796618614,14,0,BR001,Deposit,0,0
537,18,74873.17140846336,11726.812903227157,603.04839272985,110,4,758.8239117385492,22,1,BR001,Transfer,0,0
538,64,42348.03698878673,19146.867374634996,530.3125363950488,42,4,652.5786336933497,1,1,BR001,Bill Payment,1,0
539,51,61601.75858490453,21321.628566865555,341.8661770374664,94,1,658.2413056243856,35,0,BR001,Withdrawal,0,0
540,49,74472.59878606908,6049.589838112626,691.0064974884606,168,4,666.6617081420101,8,1,BR003,Withdrawal,0,0
541,71,18000.0,18373.480093202157,330.82646794179493,174,5,748.4246864898802,1,1,BR003,Bill Payment,1,0
542,65,72358.98243911858,14980.31858268931,1334.0431629439674,129,5,766.1477363514326,1,2,BR002,Transfer,0,0
543,42,74601.35284884773,2406.097978149639,97.96353190735935,79,5,692.1378250104149,17,0,BR003,Deposit,0,0
544,57,94179.52835571885,19201.421663271616,500.89003631402295,95,3,693.3250481294383,16,0,BR003,Withdrawal,0,0
545,62,91886.71265220718,13363.88887589222,184.7787136998845,111,4,731.4984620265055,7,1,BR003,Transfer,0,0
546,70,67445.7875263698,0.0,130.82770228924494,97,2,738.7596177666969,33,0,BR004,Transfer,0,0
547,18,98322.01194476789,9355.317953597676,79.56943282802071,163,4,781.335799473097,33,0,BR003,Withdrawal,0,0
548,33,109784.92301885263,12358.717874264752,321.6346037918481,119,4,609.093961714356,4,0,BR004,Withdrawal,0,0
549,56,65614.93201537812,6547.579690641656,97.0678974309274,69,3,700.4019137862821,28,1,BR004,Deposit,0,0
550,22,74200.11572629047,23054.055829486722,89.4328847288685,133,4,624.2382936876176,27,0,BR003,Bill Payment,0,0
551,39,26119.458231567325,23380.21641610295,1863.9310249741413,145,1,695.4340404655618,15,0,BR004,Transfer,0,0
552,46,33078.588226296066,8557.588569784395,647.2853555081119,52,5,683.1677298623467,13,0,BR001,Deposit,1,0
553,72,46559.68109179058,7569.970307816319,551.770115331743,142,5,695.7275382268108,1,0,BR002,Withdrawal,0,0
554,20,55240.39730062483,10818.887939676111,632.0693815636563,122,3,643.0179978322628,39,1,BR003,Bill Payment,0,0
555,29,40885.2934557625,10199.274907739873,1388.5132879002267,29,5,594.88971447548,3,1,BR003,Bill Payment,1,0
556,43,64208.100936500676,6667.482955782695,340.64778352553236,136,1,552.3893731299568,30,0,BR002,Transfer,0,0
557,33,55898.398311158395,0.0,99.50962860994895,104,3,689.8173892014612,25,0,BR003,Bill Payment,1,0
558,68,88559.69508947154,27793.30688039653,792.808753909936,1,2,668.8299225916943,26,1,BR003,Withdrawal,0,0
559,54,54554.97979935842,12003.76167400328,543.0527989096487,29,5,651.6843634637321,33,0,BR002,Withdrawal,0,0
560,39,18000.0,10395.208992638312,213.9847032493244,164,4,791.5783923982162,30,0,BR004,Withdrawal,1,0
561,74,67766.52579577925,14926.522170467557,256.6543828849855,179,1,638.8393269243282,10,2,BR001,Deposit,1,0
562,46,64687.64346295054,11279.48026319319,211.90308300370674,165,1,798.1783857497162,7,1,BR004,Withdrawal,0,0
563,31,46034.90260910114,8127.157398190955,1063.373638269355,69,5,812.669062098848,11,0,BR001,Deposit,1,0
564,45,67089.99743693482,2949.186122472456,168.35229518292851,53,2,562.4369673247434,34,0,BR002,Withdrawal,0,0
565,22,41344.17905902063,0.0,1324.0049557515908,124,4,705.4667021299279,33,0,BR004,Withdrawal,0,0
566,64,72256.47897971355,0.0,964.3879430743614,88,2,671.0212456414806,12,1,BR004,Bill Payment,1,0
567,66,122924.33761245673,1949.9333996086752,398.26470350581815,83,2,495.1737238697914,26,1,BR001,Transfer,0,0
568,47,25276.679596051144,17858.29942236872,346.8305231815572,12,5,597.875112285211,7,0,BR001,Withdrawal,1,0
569,63,53642.67408579847,18521.60832087955,184.87087361430872,52,4,753.2455274975932,20,0,BR001,Bill Payment,0,0
570,69,50116.88732811901,4063.80805979906,7.403448669423948,129,5,840.3439476897885,10,1,BR001,Bill Payment,0,0
571,22,55468.28256327404,0.0,54.613529015407266,135,5,762.1874699889474,21,0,BR003,Transfer,0,0
572,29,87438.34075113344,12082.086475516886,561.3458097059927,145,1,721.6542730759085,20,0,BR002,Bill Payment,0,0
573,33,76942.18430501854,8206.120059066134,255.11536079252713,127,5,697.5067332858239,27,0,BR001,Bill Payment,1,0
574,43,83672.86305734132,7983.6376196988185,64.93140690409574,171,3,816.786404025368,2,1,BR004,Transfer,0,0
575,43,65670.90110457916,20603.437281879284,122.58878973873149,71,4,849.3767441370348,6,0,BR004,Deposit,0,0
576,65,35913.81496121313,13247.873629255671,1181.3519710725323,17,1,657.9210124333069,13,0,BR004,Transfer,0,0
577,38,40476.922052280446,3212.5831633192865,182.99789170832022,3,4,559.0009407782796,14,1,BR001,Transfer,1,0
578,56,81417.71356426502,1142.282694368554,953.0062187369763,29,1,552.1268775710159,8,0,BR002,Withdrawal,0,0
579,53,68758.30176509253,9636.497787135393,145.32783533469612,22,3,791.5316694511862,6,2,BR003,Withdrawal,0,0
580,50,92724.56293373444,3842.285140293223,313.4214444112517,166,5,695.705902145793,11,0,BR001,Deposit,0,0
581,47,71451.76627142953,11348.421383751443,8.275858244029621,54,1,711.8269337321103,18,0,BR001,Transfer,0,0
582,54,38973.67014669325,21235.278399617695,295.1533220992241,107,1,573.6544304930301,26,0,BR003,Transfer,0,0
583,40,53518.160087970595,0.0,405.27708283683256,178,1,646.2767761048074,17,1,BR002,Deposit,0,0
584,27,77425.91129302446,12790.014913280718,106.78859623664754,69,3,678.3163430269452,12,0,BR001,Withdrawal,1,0
585,71,80627.31491724977,20235.449844024508,345.9892925069201,158,4,713.5486868354849,0,0,BR004,Transfer,0,0
586,22,83812.38990740314,11224.313977637019,416.70504398389596,151,3,671.0985572760369,37,1,BR004,Deposit,0,0
587,53,41932.46950948575,18494.228056058877,464.47527513215795,120,1,626.387166118906,20,0,BR001,Withdrawal,0,0
588,51,38577.33634630765,9414.54757096084,599.1645579190837,47,1,644.0803105178234,33,1,BR002,Bill Payment,0,0
589,69,60824.34456555675,13537.452714812733,149.20259968861697,149,5,783.5826300163063,12,0,BR004,Deposit,0,0
590,48,96681.617363736,15967.064391079588,335.5254077686108,20,3,716.134923372245,22,0,BR004,Deposit,0,0
591,27,49734.896942223604,6851.978055631788,1597.7062306440994,151,3,741.8509764868886,0,0,BR003,Transfer,1,0
592,36,75009.3815932214,29916.084154709995,913.6787613748643,149,2,636.0788332385869,22,0,BR002,Bill Payment,0,0
593,49,75011.34505665723,17198.221622987294,1220.2057373821663,21,4,492.2323560219563,27,0,BR001,Withdrawal,0,0
594,18,81737.00049275349,23726.86948845229,195.1930091816249,1,2,662.3826985180852,31,0,BR003,Bill Payment,1,0
595,73,101617.68558686062,21639.215517246914,618.4502556887591,143,2,638.3400611902152,7,0,BR003,Transfer,0,0
596,22,99361.94134485433,14945.603423550701,386.92620572607217,17,4,723.4308588039655,25,0,BR003,Transfer,0,0
597,62,51918.67165553089,24472.104801238267,34.543581281978454,51,5,900.0,13,0,BR002,Withdrawal,1,0
598,21,18846.300291209176,13691.232400727256,694.863945962948,14,5,747.6616212332779,23,0,BR002,Withdrawal,0,0
599,33,50072.35462197566,5432.022451430734,452.1666216081134,59,4,890.5172111568443,28,0,BR002,Withdrawal,0,0
600,41,66664.79046903917,12133.373084066669,88.71646623769631,83,4,738.8138786737615,3,1,BR001,Transfer,1,0
601,33,57043.803890915544,2944.4977882638177,33.238989040998476,50,3,654.9079633699099,17,0,BR002,Withdrawal,0,0
602,72,108293.77674441898,0.0,725.65634329669,124,3,723.3541254684618,13,1,BR003,Withdrawal,1,0
603,19,65413.16669496188,4327.119812468772,32.87546287700187,34,3,823.6447019634395,26,2,BR004,Withdrawal,0,0
604,66,79381.66136563626,12655.933796737872,38.31982057206753,6,3,827.0693817424867,2,1,BR001,Deposit,1,0
605,45,69778.71481224155,21557.323069392733,223.03294423335868,109,1,658.7263842369845,29,1,BR001,Withdrawal,0,0
606,49,57374.06996320191,4300.327158812811,57.91682999559862,49,1,716.722858698951,35,0,BR001,Transfer,0,0
607,44,22654.143084821335,21091.462081744394,979.8293814959576,6,5,598.9513184230199,22,1,BR003,Deposit,1,0
608,37,63270.41195208732,1103.8531277381062,254.16565791539006,117,1,756.7268037284001,17,1,BR002,Transfer,0,0
609,41,136602.24044939078,3724.2978047449487,336.79902135669005,118,1,807.7348289339126,39,0,BR003,Bill Payment,1,0
610,29,37621.91520356765,25042.409430568066,1053.0254846226235,7,3,701.7859617881211,9,0,BR004,Deposit,1,0
611,67,25072.79302376706,12428.58917966246,302.23311828673616,97,3,652.283116194791,11,1,BR002,Withdrawal,1,0
612,52,107600.56465651601,10437.40249243821,174.52922976081652,179,4,724.2091665894294,7,0,BR004,Deposit,0,0
613,50,81325.82533712537,14117.519909170442,638.1254640189625,118,3,728.2221321954216,31,0,BR001,Transfer,0,0
614,50,69123.2373715156,1142.3707435375873,233.9684519709115,129,4,704.6800682294734,16,1,BR001,Deposit,1,0
615,68,94978.82497207526,9022.3668428356,153.36566618627296,141,4,711.5100587035167,13,1,BR003,Bill Payment,0,0
616,60,46706.95725496588,12023.950423138964,513.8265946001031,171,1,686.8329604671441,36,0,BR002,Withdrawal,0,0
617,54,62654.91525987766,23082.42842561489,646.9994786006389,27,3,768.7168449758484,8,0,BR001,Withdrawal,0,0
618,29,86013.3905718181,0.0,627.5414202202987,116,1,750.5359211615589,25,1,BR003,Bill Payment,0,0
619,20,111427.7960920487,27866.912838381933,1520.808763891546,131,3,630.1827796999096,23,0,BR004,Transfer,0,0
620,18,39292.025077554616,10878.170355074612,617.9602856595168,58,1,628.2586577788984,22,1,BR003,Deposit,0,0
621,50,93176.15808832868,2004.9937592969181,587.7546412043476,89,1,681.1937908081406,30,1,BR002,Transfer,0,0
622,57,73400.45933850165,375.2875547904787,779.3239208298164,97,1,750.5785986873625,38,0,BR002,Transfer,0,0
623,27,68587.34348344716,14458.343853037855,5.0,17,5,709.364018972357,1,0,BR002,Transfer,1,0
624,60,64829.95711039576,0.0,180.03736697731333,173,1,653.9794712914141,17,0,BR001,Withdrawal,0,0
625,61,34537.774344718724,6958.888094162111,535.1588083573921,101,2,717.3063017708081,15,2,BR003,Deposit,0,0
626,46,86187.9579606867,9750.872452099815,366.2354025071893,29,2,675.843263633441,28,1,BR004,Withdrawal,0,0
627,30,47790.08155282079,22293.081654643433,78.19773654720805,102,2,760.6340522156892,10,0,BR002,Withdrawal,0,0
628,29,41246.80454494836,21166.081133375763,144.80887978934908,123,4,722.3140904546933,1,1,BR003,Withdrawal,0,0
629,48,84480.09709580743,6213.068488929368,164.26701356458213,54,1,676.93052687835,13,0,BR001,Deposit,1,0
630,63,82360.94855322693,10085.851468011702,335.572751628303,27,2,715.2063140432523,3,1,BR004,Bill Payment,1,0
631,19,66738.00183944337,0.0,712.5612244317806,102,4,791.0533641666941,38,2,BR004,Withdrawal,0,0
632,68,88749.9596578561,0.0,1078.2023629787823,117,2,659.1258946417536,33,0,BR004,Withdrawal,0,0
633,67,96370.60479254053,938.5279716664227,554.6656323489489,104,3,727.1859887153013,38,1,BR001,Withdrawal,0,0
634,52,93780.92971216189,22107.87625193229,740.4774149647858,45,5,694.0677761673803,8,0,BR002,Deposit,0,0
635,40,53377.86258515644,19020.72649999314,254.02373700410874,114,1,728.888857870347,39,0,BR001,Deposit,0,0
636,34,87310.30848815366,15450.926363369526,197.57122445720492,87,5,653.1804540882989,6,1,BR004,Transfer,1,0
637,43,69656.10150519028,0.0,199.49857019376992,31,5,706.7234803211563,16,0,BR003,Withdrawal,1,0
638,25,102969.97094775224,5595.06380347969,382.88522625874515,164,3,776.5476297691761,22,0,BR004,Withdrawal,0,0
639,46,62277.976602122195,4279.610746392405,53.06377455249499,37,3,633.4095113127725,10,1,BR003,Deposit,1,0
640,43,57157.62397789673,10506.014664414939,346.5187862538117,36,3,605.9416427672443,21,1,BR001,Deposit,0,0
641,27,51496.46870945671,9938.517990310957,437.60856935441745,119,4,608.5981104859125,17,1,BR001,Withdrawal,0,0
642,43,69164.33367318222,2982.3882897375424,231.1486853040656,5,2,617.0536228859868,27,1,BR001,Bill Payment,0,0
643,51,75267.96028702629,15142.951271086891,1224.468388338724,174,1,740.6726301524865,15,1,BR003,Transfer,1,0
644,68,75691.17022439996,14060.51742183815,374.81505977600267,52,3,600.5898219894174,3,0,BR001,Transfer,0,0
645,58,72681.79588686085,5440.5921081634815,99.3842730716069,49,1,678.1473258679529,35,0,BR002,Withdrawal,0,0
646,24,79762.81427895573,14738.50552469278,260.9681619380832,6,1,742.2802512317496,21,1,BR004,Transfer,0,0
647,21,60104.07960988324,22118.568314974687,450.07011741724637,123,1,728.1661342384016,10,1,BR002,Transfer,1,0
648,70,45804.663056978825,24852.546994109212,156.40548844217597,138,3,672.0108714026261,20,1,BR003,Withdrawal,0,0
649,67,43883.784067899745,16415.95940948873,33.19685056628826,118,3,712.3646612228574,39,0,BR001,Transfer,0,0
650,62,86451.1240966763,16151.411490684204,350.2857163223221,23,2,706.5001730816298,15,1,BR004,Deposit,0,0
651,28,75347.09083162238,9838.749773781197,1181.6071659228032,145,3,683.303133111627,8,1,BR001,Withdrawal,0,0
652,46,24171.569039092872,21267.41605981643,265.491266352319,110,3,684.2415696941794,34,1,BR001,Deposit,0,0
653,73,89128.5753895987,2366.8369379419164,946.2486411801838,44,1,855.4799204329872,33,0,BR004,Withdrawal,0,0
654,53,106369.57322085841,20224.651290673486,720.7811100518941,41,2,755.6517632751911,8,0,BR004,Deposit,0,0
655,42,49249.82928331228,9411.557392372775,63.791907387889765,143,5,872.64556422585,12,0,BR002,Transfer,0,0
656,38,72395.5210180729,25418.431444815564,492.6334280767269,172,3,664.212580695565,5,0,BR002,Bill Payment,0,0
657,74,54583.92194008809,17293.85766336067,228.70153025592677,50,3,693.0523382178296,3,1,BR002,Deposit,1,0
658,53,78822.75236036567,11389.203920342097,115.20422403274051,52,5,605.7511964306346,27,0,BR002,Deposit,0,0
659,27,39347.80444034505,9871.611159861539,464.5420644326808,70,1,642.33032385373,10,0,BR002,Bill Payment,0,0
660,54,63428.19554382683,16730.515690035932,542.9439615452579,151,2,832.1339204063751,33,1,BR003,Bill Payment,0,0
661,26,86588.91081597318,16294.119129174498,79.32980245980131,172,1,662.457599711077,34,0,BR003,Deposit,0,0
662,41,92185.65826457448,8414.91295949525,983.4368475019368,109,4,833.3496910101121,4,1,BR001,Deposit,0,0
663,52,74382.90801623315,12826.521824415118,556.3575594396093,118,3,611.9646417524077,38,0,BR001,Deposit,0,0
664,66,57541.00332938574,20067.510786137416,1083.473155334442,109,4,625.2571676148706,10,1,BR002,Withdrawal,0,0
665,52,29962.776144440613,0.0,152.54705074466156,95,3,675.1138145283605,11,1,BR001,Deposit,1,0
666,65,48333.9063527358,18532.90398498342,1120.9554451940987,44,4,694.5375054824575,18,3,BR003,Deposit,0,0
667,53,54675.98509539483,16690.931205234185,183.87411972873937,67,5,763.616110471509,12,0,BR003,Bill Payment,1,0
668,35,49649.85676736449,22679.827280053418,22.192298310650806,156,3,730.5539292030386,3,0,BR001,Bill Payment,0,0
669,66,66310.16530289954,5559.116688270859,575.826393848936,67,3,669.8579319859181,13,3,BR002,Withdrawal,0,0
670,56,57478.46980423173,12051.444774836018,486.29421133435847,18,4,689.6678935437326,1,0,BR003,Withdrawal,0,0
671,49,68786.67019137974,13845.61538404406,364.43272103637196,155,2,676.665595615071,7,0,BR004,Transfer,1,0
672,41,91457.80062304859,18649.168654802117,269.25449224787104,179,4,634.974238527199,21,0,BR004,Deposit,1,0
673,40,56057.831132954045,15862.052362449002,13.077576034642584,60,3,636.8425944378865,12,0,BR001,Deposit,1,0
674,49,34576.926500407055,844.0041106895296,391.90233335460397,74,3,770.9518724003386,20,2,BR002,Bill Payment,0,0
675,54,49562.432841252754,14619.396295754814,215.71378159910108,49,2,571.0284550451001,20,2,BR001,Transfer,1,0
676,29,77838.94633941198,30038.058968433674,328.58263226951976,15,1,812.2151088211539,27,0,BR002,Deposit,0,0
677,66,79914.7632689588,17505.818183651834,224.37159930485916,73,2,674.9904042078438,32,1,BR002,Transfer,0,0
678,72,73933.87433435716,26742.4225008294,1353.2188329562794,143,1,644.9243975525488,28,0,BR004,Withdrawal,0,0
679,30,93616.22072953635,21387.55239565331,370.6464433816277,179,3,750.7831503488088,36,0,BR003,Deposit,0,0
680,40,60900.01246270632,24261.61741894568,553.2977358311766,48,5,802.9651608902982,21,1,BR003,Deposit,0,0
681,42,110147.65525620512,14789.717948862346,1101.7231988375377,72,5,777.234270912277,25,2,BR001,Withdrawal,0,0
682,52,83000.11699432996,16696.605986509054,358.2026139202362,113,4,734.1296434551923,10,1,BR001,Deposit,0,0
683,58,18000.0,14299.659809772373,5.0,129,2,775.0804442805285,10,0,BR002,Withdrawal,1,0
684,47,104614.48985919845,12039.067785445704,13.957373913946086,135,2,578.8451695999294,33,0,BR003,Withdrawal,0,0
685,34,48126.29457701412,18679.75482062194,484.7192491044356,53,5,662.4718620958296,18,1,BR002,Transfer,0,0
686,66,42249.773831947525,7310.9825489351915,130.89369172916392,159,1,635.2180957982608,36,1,BR004,Bill Payment,0,0
687,37,76522.96441632367,28968.4408441317,346.40992700486106,18,2,784.7247111850622,13,0,BR004,Bill Payment,0,0
688,65,26760.029608596036,3647.8832908055374,90.39763463825156,12,1,672.156538675328,28,2,BR002,Withdrawal,0,0
689,42,49699.67691092451,19302.493079254426,126.02069108393049,48,1,758.1784589747439,18,2,BR002,Transfer,0,0
690,39,99256.16789373256,24408.0427557323,280.98905588049,30,1,736.5099859742047,36,1,BR002,Withdrawal,0,0
691,30,77236.78673794506,10410.404214356371,1484.768570943466,97,1,638.6385144685423,20,1,BR002,Transfer,1,0
692,36,82869.27518066284,1983.2041997565266,383.12694943288284,7,4,657.91292530166,23,0,BR002,Transfer,0,0
693,66,50547.96678905557,22399.766303541193,1100.4756041529338,92,4,789.5672383570309,25,1,BR004,Bill Payment,0,0
694,53,31155.86002270173,13830.557790452296,1281.396455229532,113,5,644.7162145920911,11,1,BR004,Bill Payment,1,0
695,29,80549.98344490214,19319.84465341569,93.33311247294634,3,4,707.7407327136835,18,1,BR004,Transfer,1,0
696,58,85465.63543732291,11014.908610464143,149.11801518987045,107,2,644.2221099571489,29,1,BR001,Bill Payment,0,0
697,36,84469.85449378441,27587.322140901575,587.8569642813542,63,4,677.0233469158898,14,4,BR004,Transfer,1,0
698,29,69599.52306259304,0.0,806.2533217278567,134,2,695.768663922102,2,1,BR003,Deposit,0,0
699,26,43724.49864361444,15385.59796155361,292.943808664996,102,2,644.1993442791756,12,0,BR003,Withdrawal,0,0
700,24,118630.93093731406,24075.74535376438,1997.8693827241007,15,1,631.7687132211283,8,1,BR002,Bill Payment,1,0
701,45,75555.32374565187,12948.051403464566,5.0,171,5,719.0391335744209,12,0,BR004,Withdrawal,0,0
702,31,61174.493885038304,14721.228237152203,142.43727703852576,91,1,639.8683813846177,15,0,BR002,Bill Payment,0,0
703,48,61272.11677536591,8093.893686896925,390.3756954519923,81,1,642.2539711010929,13,0,BR002,Withdrawal,1,0
704,69,68291.14451761819,12186.196570799557,253.41575138826363,146,4,633.2662799408621,7,0,BR003,Withdrawal,1,0
705,36,88531.38176747557,0.0,49.59221511728052,150,4,693.5464367568077,18,0,BR003,Bill Payment,0,0
706,64,69171.81871271995,5534.1180064227765,183.41162060303816,61,2,765.0591144079889,31,0,BR002,Bill Payment,0,0
707,33,83887.28937584494,4919.203856079946,10.310608674026707,120,4,804.4570045418586,34,0,BR003,Bill Payment,0,0
708,70,68330.74913365056,18022.115919263684,411.72335782579574,61,4,648.1857339804355,22,2,BR002,Bill Payment,1,0
709,22,62528.21438765162,6857.67216641039,893.0092777678155,53,3,849.5217555331848,20,2,BR002,Transfer,0,0
710,52,79107.50865322456,7117.720050541619,864.6916693736747,26,2,628.6706597505242,17,0,BR002,Bill Payment,1,0
711,29,78272.29274082353,8598.689757433742,480.98221407185144,115,2,774.8483966329509,13,0,BR001,Bill Payment,0,0
712,42,61268.04937990659,5262.197677362143,250.77167483380572,40,3,648.4812482189191,15,0,BR003,Bill Payment,1,0
713,69,48517.4469302863,14421.200423355276,287.0018670514807,88,2,638.0353711090993,23,0,BR003,Deposit,0,0
714,38,72518.03612428956,15398.683224896184,58.898611897947426,116,5,646.8670690250927,31,0,BR004,Withdrawal,0,0
715,53,66723.67071717707,19425.167217495833,166.82307311257256,136,5,695.3286610245617,10,0,BR003,Bill Payment,0,0
716,70,52792.822319043335,17874.750740591484,83.1680449959052,21,3,739.5980519723528,10,1,BR004,Bill Payment,1,0
717,40,46467.18938419047,16974.819704862304,688.5954214189466,43,4,745.8907626533376,3,1,BR002,Withdrawal,1,0
718,33,74030.46856567803,9039.284994023008,984.8851709443283,21,5,632.9210489256478,25,1,BR001,Withdrawal,0,0
719,74,77102.09125460927,8462.06624695909,307.9449986225686,131,3,629.7238498742112,4,2,BR002,Transfer,0,0
720,56,57079.29347759306,4159.100978863894,520.4344362523925,31,5,634.8352914645517,35,1,BR002,Withdrawal,0,0
721,62,52241.385209915636,3996.8067999530876,51.799708297703496,155,1,691.2051918330142,32,1,BR002,Withdrawal,0,0
722,70,46734.38584118181,13748.352687113344,375.1433024167783,27,3,684.2891077066388,13,1,BR004,Deposit,1,0
723,59,73409.60866118822,5525.2556329792715,485.3279023551017,73,2,632.4877176551144,31,0,BR001,Transfer,0,0
724,56,47312.504379903796,25214.917200203632,241.15306860714924,97,5,717.8722585844271,6,2,BR002,Deposit,0,0
725,31,114304.96051845608,11662.492592329561,111.5011345188359,161,2,857.3798165834722,9,2,BR004,Withdrawal,0,0
726,48,55973.80840863807,25512.510964435864,839.4481804584726,90,3,663.6699176715395,1,0,BR002,Bill Payment,0,0
727,22,18000.0,17145.903491140503,543.3296327477522,44,5,668.6541725157526,9,1,BR001,Transfer,0,0
728,52,64336.22333415903,5004.872089754596,920.4635715766307,43,2,738.1763099227059,34,0,BR002,Withdrawal,1,0
729,40,63393.26344398635,11441.58430276364,682.385356661489,31,4,659.8828595784244,20,0,BR002,Withdrawal,0,0
730,46,89457.80848553215,0.0,1857.3328544122412,117,4,745.8275137202728,39,0,BR003,Bill Payment,0,0
731,60,71338.77720800949,13713.828195587565,85.36280881829015,76,1,648.7020105254671,7,1,BR004,Bill Payment,0,0
732,28,46655.625964324354,5828.084329392144,36.29726763058839,145,3,827.2483725304111,17,0,BR001,Bill Payment,0,0
733,35,58699.37878307092,1978.8779260626488,164.39379958676594,143,2,723.1342480814607,8,0,BR004,Transfer,1,0
734,64,72203.23497632174,25699.320826932424,55.247238203525406,34,1,655.5983935646302,29,0,BR003,Deposit,1,0
735,29,18000.0,21275.289668858586,296.20463947661364,80,3,657.7915810371508,3,0,BR002,Transfer,1,0
736,26,94449.67815658991,21027.35080886216,400.9888781433607,4,4,663.0340173104375,34,1,BR001,Bill Payment,0,0
737,27,46714.26251229737,19039.0014898585,345.3736484557871,72,2,795.0924766374211,13,0,BR001,Transfer,1,0
738,61,96174.96406084757,885.9986028679541,120.03151022418461,98,5,610.1874294679102,13,0,BR004,Bill Payment,0,0
739,34,73634.23310478494,8395.684564738462,957.9855656353141,110,4,652.2440830678347,36,0,BR002,Deposit,0,0
740,55,78851.07100066743,8944.467226771016,8.559885187566657,28,5,659.6837610152202,19,0,BR003,Transfer,0,0
741,24,90287.315592028,0.0,171.09247939903142,130,5,697.9018423270144,28,1,BR002,Deposit,0,0
742,63,77608.90515923497,6986.990146404097,507.74953282562825,17,2,680.0223215147244,22,0,BR004,Deposit,1,0
743,30,79803.49675898392,7085.118219446607,582.5647339210925,58,2,594.6140518026676,20,1,BR001,Bill Payment,0,0
744,57,61382.83830984961,13133.990527454658,215.2229215197695,127,5,671.0124121483173,30,1,BR001,Transfer,0,0
745,59,73187.7109923861,34791.48840214509,6.821766644169309,9,1,692.0314521770522,31,0,BR002,Transfer,0,0
746,26,52075.048070621655,11811.933510557352,384.9796080676429,31,5,655.0331515444152,6,1,BR002,Deposit,1,0
747,67,57444.95580906472,13138.630091127006,26.069219601293852,88,5,747.0742842333366,12,0,BR002,Bill Payment,1,0
748,44,108223.29105531599,9748.107545122723,45.650989418134024,62,2,763.3585900127553,22,1,BR002,Deposit,0,0
749,19,47219.74112889072,18639.4159204837,420.2154892161401,19,3,693.5129310189425,7,2,BR003,Deposit,1,0
750,22,68394.97678599818,2334.7451221880056,149.87058777188975,81,4,715.137911079551,11,0,BR003,Deposit,0,0
751,46,67496.31880774048,29064.33745638545,171.10278584397446,107,2,547.726080185551,35,0,BR003,Deposit,0,0
752,54,58163.40162082242,10882.567132798627,266.8413744994107,55,1,669.5228059486718,15,0,BR003,Transfer,1,0
753,55,76316.82060454963,8443.291502720422,1537.3421120931885,156,4,769.3375184230539,25,0,BR004,Withdrawal,0,0
754,36,77973.88604031043,20730.333662974197,1346.0490378386871,112,2,669.3594391774506,28,0,BR001,Transfer,1,0
755,25,44631.97797075326,3981.696671596318,215.3205251053625,123,2,647.3916826525627,28,1,BR001,Bill Payment,1,0
756,65,67229.84765402412,18473.258847498,123.42568705385754,178,3,858.4382248221652,5,1,BR004,Withdrawal,0,0
757,62,41187.91854700814,24646.530500358247,144.153957011959,65,1,826.3354033137064,36,0,BR004,Deposit,0,0
758,18,82348.06960298063,9827.915048372917,125.21707290272536,124,1,731.730243873751,32,0,BR003,Transfer,0,0
759,39,68882.72082797776,30475.57451771884,303.9249399923812,3,2,778.7237428036033,30,0,BR002,Withdrawal,1,0
760,69,66811.25750777592,17798.623736351285,373.4356030282396,138,3,543.1845207429345,17,0,BR001,Deposit,1,0
761,34,79498.68967519287,17910.248336979865,268.3816225468612,21,2,643.8713991559905,37,1,BR004,Transfer,1,0
762,24,58938.77360969518,24292.788016673905,209.69564836560184,37,5,666.1029488778794,30,0,BR002,Withdrawal,0,0
763,42,85108.4831028005,26676.61459172736,94.94011510205758,15,5,682.4813930793138,15,1,BR003,Transfer,1,0
764,62,44134.21279936501,14356.55087765742,263.5026234016403,87,3,664.7039185318226,39,0,BR004,Withdrawal,0,0
765,21,96061.2834156796,19172.14897239244,166.87504790289123,120,2,520.4981595938557,36,0,BR001,Bill Payment,0,0
766,53,52879.95398379322,24567.07343844835,312.0012862884868,137,3,726.0217233095992,13,0,BR001,Transfer,1,0
767,23,27684.06051069707,1543.7003127470653,449.8052334060258,44,2,737.0557889796424,38,2,BR001,Transfer,1,0
768,48,57772.2320138199,0.0,401.29776177869826,39,2,811.1329154112987,3,0,BR004,Withdrawal,0,0
769,36,55276.6996604074,11482.014716346855,248.32332237891256,133,5,643.8183514657526,29,1,BR001,Bill Payment,0,0
770,61,57606.372304699195,0.0,324.81951848946295,25,4,638.0885789554069,32,0,BR003,Transfer,0,0
771,71,70096.25634064763,9174.04413322843,134.10861643589755,56,1,511.4010859824872,35,0,BR001,Bill Payment,1,0
772,56,89152.531939542,14829.361807792237,9.815555961703398,121,1,678.450321438638,29,1,BR003,Bill Payment,0,0
773,44,60782.46989426299,9519.25110550386,392.35245285561433,90,3,762.077824674352,13,1,BR001,Transfer,0,0
774,27,49784.41346398418,10725.662567066782,116.44507833343573,64,1,656.1762496465096,22,0,BR003,Deposit,0,0
775,43,40215.97012975646,2985.001377411674,442.19882585866657,89,5,849.0411372980553,27,0,BR004,Withdrawal,0,0
776,36,54699.97859120103,19093.291895738497,549.7597544255393,112,4,681.0383614947334,6,1,BR003,Transfer,0,0
777,56,23467.853536492243,2428.829695898943,990.4314737751706,76,2,709.2894599001988,9,1,BR004,Bill Payment,1,0
778,20,49047.071942640054,0.0,1269.2054579838584,137,2,603.5827843592884,3,1,BR002,Withdrawal,0,0
779,62,92369.1857089681,10133.95104720102,5.0,138,5,719.1054241622695,37,1,BR003,Transfer,0,0
780,30,46886.09749927469,20235.179324279605,1857.3237028837052,10,1,560.4476143603113,12,1,BR004,Withdrawal,1,0
781,67,78831.74893760671,12718.47712694679,459.56451752896743,62,2,747.5588568509202,20,1,BR002,Withdrawal,0,0
782,45,38017.39402421322,1516.8268642778858,412.59552498397636,90,1,749.7099723364788,32,0,BR001,Bill Payment,0,0
783,37,103964.1097848322,12917.558706657026,6.132000605935891,60,5,794.1503997035556,39,0,BR002,Deposit,0,0
784,45,105427.34812742361,15944.733342915148,789.984791812856,147,2,627.6021896862618,27,1,BR003,Deposit,0,0
785,25,78002.47424431727,12812.850223670335,62.89150696176271,107,3,710.2393482808194,22,0,BR002,Withdrawal,0,0
786,58,108807.55723615747,9618.741778002724,726.4130465978039,38,4,738.4671591570553,31,2,BR001,Bill Payment,0,0
787,56,72827.44544840857,16374.348134784737,6.273965564072721,134,1,729.9597146831217,4,1,BR002,Bill Payment,1,0
788,18,81907.37651129023,0.0,415.3429670206454,143,1,638.4290507405605,25,2,BR003,Transfer,0,0
789,20,92762.54528809377,3954.401483136776,228.23133674068666,47,1,531.5612677310702,38,0,BR003,Withdrawal,0,0
790,30,68953.80596816588,253.12711975220736,89.64096888326928,173,1,723.2872207819137,25,1,BR004,Transfer,0,0
791,45,30847.69584512865,24135.477347893408,45.519021596653566,133,5,688.3250225183057,2,0,BR001,Bill Payment,0,0
792,74,82357.19381515676,18408.28548889549,232.0186203210575,78,5,659.3330584926991,23,1,BR001,Withdrawal,0,0
793,66,54619.088922463794,13666.125308826158,52.63881687895612,53,5,752.4761754600827,33,1,BR002,Deposit,0,0
794,42,56254.34393897988,0.0,266.56051423001065,62,5,695.8556323291897,33,0,BR001,Deposit,0,0
795,73,71553.68816253118,18697.330100533072,392.563297467498,23,2,606.656346306254,19,0,BR003,Transfer,1,0
796,50,77458.17935378215,24478.861214926346,702.6747705411753,44,5,563.7983397632645,29,2,BR002,Withdrawal,1,0
797,55,68302.9619481368,17143.45262817206,454.0890623006459,52,2,619.9725714406784,19,1,BR004,Bill Payment,0,0
798,70,78986.0497954608,11683.403251467986,26.968970700777504,46,3,866.5108606336751,17,0,BR002,Transfer,0,0
799,23,49449.14305067568,17685.462286655536,146.9398478970159,147,5,749.5943741752941,37,1,BR002,Deposit,0,0
800,61,64060.516516087766,14456.2450282742,135.85892919315256,84,3,712.2028639382509,19,1,BR004,Bill Payment,0,0
801,62,83679.87990991915,20334.68610275765,986.1942191457448,47,5,686.2837350969937,5,0,BR002,Withdrawal,1,0
802,49,104001.40588160776,20133.17077613658,809.321415700048,91,3,681.6824942036795,24,2,BR001,Deposit,0,0
803,62,111781.58295741059,10010.41017050706,184.90811127867846,52,4,780.7037188351367,2,4,BR002,Bill Payment,1,0
804,64,74525.4870200101,6054.227554043011,29.5254702577717,24,3,664.6582980667598,18,1,BR002,Deposit,0,0
805,38,83480.21618840337,8401.593533824402,898.1316519383116,145,2,739.3844287479005,9,0,BR002,Withdrawal,0,0
806,33,108594.7416259342,16822.65301504441,876.3815424586751,89,1,674.6100434795884,4,0,BR003,Transfer,1,0
807,71,50241.60719186312,8945.043133819725,771.7089015471395,174,3,834.8109642284544,21,0,BR003,Bill Payment,0,0
808,38,78853.39675967683,5245.2334366155865,745.9427983532848,64,1,750.9601955304813,8,0,BR001,Bill Payment,1,0
809,28,81903.5448886952,11991.41965872114,261.76602014844195,119,4,786.1889770278538,32,0,BR004,Withdrawal,0,0
810,54,96852.95159368838,21967.112376020563,78.12948089045771,156,4,658.0913157718232,14,2,BR003,Deposit,0,0
811,53,39982.889628203106,13215.972604206572,259.6429701905263,178,2,773.0695278797195,23,0,BR003,Deposit,0,0
812,52,44333.07275638863,9514.038035996153,272.9602692062957,64,2,677.1195802223716,29,5,BR001,Deposit,1,0
813,36,65470.40864430353,14883.886136520885,269.2842980198177,156,3,706.7024376752994,35,0,BR001,Bill Payment,0,0
814,37,73310.00857107597,12756.352881448809,309.54562080543025,86,5,813.453336943362,38,1,BR004,Bill Payment,0,0
815,74,89703.00698214376,0.0,119.17756377841535,56,4,626.0057460270507,5,1,BR002,Deposit,0,0
816,35,76385.96306786996,18270.83228717243,182.43472352101614,59,1,713.2273411913781,14,1,BR002,Bill Payment,0,0
817,64,61668.90893757375,15667.125959523983,227.7963691645216,133,5,729.6603680963109,37,0,BR004,Transfer,0,0
818,58,74162.15178463509,12145.546190511714,56.220658020891356,172,4,735.4003066560567,38,1,BR004,Withdrawal,0,0
819,66,71622.97847803794,21561.210306506284,243.0551377727417,170,3,667.4450854834574,21,0,BR004,Withdrawal,0,0
820,31,103390.36145973134,22916.994278251783,665.2823740899563,125,4,845.0384870565657,2,3,BR001,Bill Payment,0,0
821,32,68644.49675850771,19188.91795326196,704.2428163127474,47,2,608.3547680261818,28,1,BR002,Transfer,0,0
822,48,56572.1649018436,4347.292655680192,212.11468864869653,121,1,801.1219772042729,28,0,BR004,Transfer,0,0
823,18,74891.39866158026,4658.600004357362,292.59582747562484,153,1,784.0545923914146,30,2,BR004,Deposit,0,0
824,70,69366.6770254477,22056.019860017852,13.691814100520228,102,2,832.062215272258,1,1,BR002,Withdrawal,0,0
825,71,30438.146175157213,0.0,448.87425560286715,44,5,587.8241030904526,34,0,BR002,Withdrawal,0,0
826,71,64655.654644312286,10660.372363540977,207.41268444498587,15,2,638.1817958477203,8,0,BR001,Withdrawal,0,0
827,20,62783.758601067886,15958.432263279741,235.85929043299078,105,1,803.4360141413149,21,0,BR003,Bill Payment,0,0
828,33,53034.81895285504,0.0,827.5517344470904,51,3,567.6072591758784,18,0,BR003,Transfer,0,0
829,40,87782.83232770539,14109.089149652693,247.83560948437903,53,5,586.547876927171,36,0,BR001,Deposit,0,0
830,74,47715.04887453609,20589.861689273574,8.56801029301834,34,4,664.8184549301956,9,1,BR001,Bill Payment,0,0
831,28,75023.60962953985,0.0,103.24459140979987,124,3,712.4395652035587,20,0,BR002,Deposit,0,0
832,29,61747.14600343793,26923.531860247425,258.2159352561419,77,5,810.4557551554142,16,0,BR001,Bill Payment,0,0
833,27,67369.29012422921,2911.5293151098085,220.93434532660675,136,1,686.031385954875,2,0,BR001,Withdrawal,0,0
834,49,74059.29840300907,17172.62621829327,787.504078080706,123,1,656.4232596354823,6,0,BR004,Deposit,0,0
835,33,36233.363554397976,11247.632144772304,312.47455144334185,70,3,720.7972956387499,36,0,BR001,Transfer,0,0
836,25,69216.53961816522,12625.640613304062,468.0034580902121,21,5,731.8717538306081,35,0,BR001,Transfer,0,0
837,55,115356.84477369055,448.5437789325897,253.44091552729333,108,4,729.8867875519189,2,1,BR004,Bill Payment,0,0
838,29,30751.20639066807,23344.256661177533,231.68156941288044,108,4,686.5409654434059,12,0,BR002,Withdrawal,0,0
839,41,63732.62479825889,14932.9511701521,236.4432713116683,135,2,562.1439720257295,29,0,BR002,Bill Payment,1,0
840,45,89711.26514612403,26587.561592128404,211.67837831232404,90,3,634.7668807625568,22,0,BR001,Deposit,0,0
841,70,71635.62345497914,683.2450147887594,309.3815703089729,79,5,798.4189759687224,6,1,BR001,Transfer,1,0
842,25,80135.27294655274,10368.888295091754,115.30937984757243,177,3,712.094825658362,29,0,BR003,Transfer,0,0
843,45,18000.0,13885.763157319865,886.7655562082405,42,4,676.4234516625061,28,0,BR004,Transfer,0,0
844,53,78161.4862418589,12543.448325654323,162.03739972163157,151,5,777.2717983861783,7,1,BR003,Transfer,0,0
845,43,48242.85946286083,18001.068102051784,63.8440112778357,52,1,619.8918357341736,9,1,BR001,Deposit,0,0
846,25,71817.30026082923,10254.733122685118,40.61401622760895,102,1,683.2256306400894,32,0,BR003,Transfer,0,0
847,67,64352.4359199912,31098.234416706175,5.405526722198563,105,5,708.6430883621827,19,1,BR003,Bill Payment,1,0
848,45,115123.32664155593,12358.580899693616,219.86544520665427,79,3,668.103574769376,28,1,BR002,Transfer,1,0
849,45,77027.29712284927,0.0,83.11039015829061,112,3,706.0533976031119,28,0,BR004,Deposit,0,0
850,54,62522.27575621871,12757.809075054349,8.754262373491754,104,1,685.8614248004765,20,0,BR002,Withdrawal,0,0
851,58,31786.7592964218,23353.17586379565,293.60395893833936,16,1,601.0459866549887,0,1,BR002,Withdrawal,1,0
852,53,67665.23184069773,3690.245083345195,455.7468999875083,96,4,711.703451731534,33,0,BR003,Transfer,0,0
853,44,83111.0353236301,3119.203297458873,35.8609485728916,37,5,606.0153745940993,31,1,BR004,Withdrawal,0,0
854,71,63227.85837997709,4436.492642943689,247.15709194305515,146,3,710.5930587567706,13,0,BR001,Deposit,0,0
855,34,53875.560081376294,2311.7087102058376,544.4513644833464,148,4,795.1895076905076,36,2,BR004,Transfer,0,0
856,26,52403.09339538099,7685.384576646054,1701.9975129948937,46,3,679.3283761906762,34,1,BR002,Deposit,0,0
857,50,76773.11158001705,20183.675037142984,440.0738231854531,2,1,616.9961809020309,23,2,BR003,Withdrawal,0,0
858,70,81706.53466480145,25736.994555714242,112.33001473090015,119,5,690.1108530756513,0,0,BR001,Withdrawal,0,0
859,37,94946.62253706461,0.0,504.2929517142502,87,2,640.7620224345028,5,1,BR002,Transfer,0,0
860,30,43110.002349372124,8593.908117802885,364.45106023862803,94,5,740.6156301842029,3,0,BR003,Withdrawal,0,0
861,45,76571.50628518757,14724.281949390594,95.20100465417164,3,2,688.6407876734003,37,0,BR002,Transfer,0,0
862,65,62322.513002806925,13824.105270466716,761.8212189703901,174,4,818.6834276165201,0,2,BR003,Transfer,1,0
863,46,62970.84749806783,29099.456999606,223.03024725845128,111,2,780.4092716974137,30,1,BR004,Bill Payment,0,0
864,30,73840.16878874804,0.0,1307.8325035068463,177,2,688.2843646863018,35,2,BR002,Bill Payment,1,0
865,63,73968.43757974885,0.0,513.3521851211524,1,4,749.0926347581163,8,0,BR004,Bill Payment,1,0
866,52,76632.89832741462,30559.912716344304,413.763078272135,105,5,671.4734513586009,22,0,BR004,Deposit,0,0
867,23,41735.633771692184,18780.903239226027,521.3005005515909,22,4,701.3769819615618,30,0,BR003,Withdrawal,0,0
868,35,48504.149042337915,6857.655717423809,260.10942727143777,142,1,673.6996062554781,28,1,BR001,Withdrawal,1,0
869,68,97689.10206138904,13544.388957611594,281.4620608100496,173,1,752.6519171894796,20,2,BR004,Bill Payment,0,0
870,22,60147.40571542152,14188.958603049598,762.0807164720545,134,2,799.3091793696705,2,0,BR002,Transfer,0,0
871,64,71732.31675639372,6640.312886976186,456.9360712902367,65,4,754.90537450338,25,2,BR002,Transfer,0,0
872,42,88202.65886495009,13276.005336222906,910.1565864308743,21,4,763.5355620899749,5,1,BR003,Transfer,1,0
873,19,75195.74759193801,15193.320371941076,885.9276967156561,4,4,763.612340606501,19,0,BR004,Transfer,0,0
874,27,77023.49788138486,30139.772352265427,1500.1323458025836,131,5,737.5879145634296,12,2,BR001,Deposit,0,0
875,73,84680.70894336265,20671.06100056987,481.87543596951326,113,3,619.2499688552813,22,0,BR001,Withdrawal,1,0
876,47,18433.397260266,27653.908262178673,279.10449772903337,30,3,818.068006359155,14,1,BR002,Bill Payment,1,0
877,67,54221.09658646824,0.0,72.75827509598133,31,3,825.3087578688898,30,0,BR003,Deposit,0,0
878,62,75309.32752299102,8875.22466343928,488.8283152615699,162,5,682.6284277680642,3,0,BR004,Withdrawal,1,0
879,22,95528.17475526847,14180.222855384629,137.88596713474263,20,4,673.0511459348672,10,0,BR002,Deposit,1,0
880,72,66454.102312427,0.0,133.04252567620352,54,3,741.8688157040763,1,0,BR003,Transfer,1,0
881,73,46416.2378413659,22636.734042983524,108.87458160296852,126,4,737.5568984628453,15,4,BR001,Deposit,0,0
882,50,47002.10690856895,17779.88795080136,832.1673910151651,153,2,684.8637751872886,30,3,BR002,Deposit,0,0
883,71,84444.94647596763,8695.573320415224,809.8736197380729,15,3,611.4982041088678,38,0,BR003,Transfer,1,0
884,18,60208.98118737849,10349.990908492935,398.75141717838596,166,2,720.3990833524844,3,0,BR001,Transfer,1,0
885,35,64841.59899261259,23284.80199941373,256.20745704454845,151,5,737.6005576722881,27,0,BR003,Bill Payment,0,0
886,49,78530.66426299102,4841.058471267311,446.03627808634013,57,1,749.8074803627158,15,1,BR002,Bill Payment,1,0
887,64,18000.0,23647.668146960583,373.81187224560665,79,5,723.4504940647945,38,1,BR004,Withdrawal,1,0
888,66,109008.0852531778,9731.651370723408,214.95973816756666,163,5,680.0219396146664,24,1,BR003,Bill Payment,0,0
889,28,48916.375628876645,18803.96447499225,190.97624123408886,14,5,768.5801427654395,12,0,BR004,Bill Payment,1,0
890,38,70322.60012841858,12780.877850210885,193.02117459076862,91,3,703.6093948296143,4,0,BR002,Withdrawal,1,0
891,43,27496.665703082035,32098.74461986067,355.7946796248703,14,2,666.4553889944696,29,1,BR001,Deposit,0,0
892,42,55704.09557108917,4013.468489032268,417.2740860301765,99,3,686.3542632567995,0,1,BR003,Deposit,0,0
893,39,92383.13702003213,6840.456396807595,240.40354013190367,33,1,576.7821677267513,4,1,BR001,Deposit,1,0
894,44,22844.322047350666,0.0,1385.5456250414254,1,5,686.2430723075023,13,1,BR004,Transfer,0,0
895,66,89776.40191816111,2129.1854967361105,35.02819934586223,34,4,747.1905563912268,10,1,BR004,Withdrawal,0,0
896,30,58978.68588288755,18418.152969250645,170.50006701683128,19,1,722.7848115497461,33,2,BR001,Deposit,1,0
897,50,75717.61768484423,26401.47274978555,217.25322911083444,152,2,805.4464921086831,28,0,BR002,Bill Payment,1,0
898,51,79465.53709667243,19438.32783324249,6.826458086052574,4,1,680.5917560189007,17,1,BR004,Bill Payment,1,0
899,58,74711.27298880037,11951.476502458203,181.62514454688701,164,3,733.1119214137321,14,0,BR002,Bill Payment,0,0
900,52,45971.08566412181,3957.4694850955166,127.9223123354488,77,4,754.491812341404,24,0,BR001,Withdrawal,0,0
901,18,56979.91877622948,20085.768044644352,282.1172744011299,58,3,862.9999905801186,29,0,BR002,Withdrawal,0,0
902,38,32845.764100482054,3462.5828533274616,164.03664587157593,160,5,709.1335843782348,1,0,BR004,Bill Payment,1,0
903,65,75819.51929493775,0.0,518.1168478817514,137,5,625.9068974795184,39,0,BR001,Transfer,0,0
904,72,102445.21338835036,9223.776001110858,285.2848531567727,103,1,758.3550127348698,26,1,BR002,Transfer,1,0
905,23,24862.300493117822,0.0,55.59552393594297,67,5,829.600914917792,14,1,BR002,Deposit,0,0
906,45,48243.79006496322,0.0,554.6158751149623,116,5,676.4215902841365,31,0,BR003,Deposit,0,0
907,34,61000.943930575464,28973.913022945384,41.80164014230537,148,2,757.8757077024491,19,2,BR004,Deposit,0,0
908,22,68813.5113216982,0.0,730.6625409745983,120,2,785.0109638660244,13,0,BR003,Deposit,0,0
909,48,84341.87863155738,1306.664570587698,1071.9145302202862,22,3,770.1945880779108,26,2,BR002,Deposit,0,0
910,22,61651.60043213133,12646.49616935998,155.70599079756306,112,3,707.7890965731505,2,0,BR004,Withdrawal,1,0
911,55,58048.90801819569,13115.134920270137,1042.2478089109443,75,2,650.1068369250797,2,0,BR001,Withdrawal,0,0
912,20,89268.8755335343,9888.381323590314,630.0303610178042,176,1,693.3104316390489,12,0,BR001,Transfer,1,0
913,70,79563.90247539271,0.0,1022.6587447238808,136,2,731.1020317714341,24,0,BR001,Transfer,0,0
914,40,76857.51546542416,19636.40394874011,438.96936257251673,143,3,762.5755766864211,17,2,BR002,Withdrawal,0,0
915,54,67475.34565493852,8012.51940217803,107.48867253342671,32,4,722.3761533599328,0,1,BR002,Transfer,0,0
916,70,86629.34864023689,22984.04569957411,899.7058421624148,67,5,672.4064423421596,38,0,BR001,Bill Payment,0,0
917,54,50561.19339293413,6196.641406240375,81.46633001644489,4,4,737.8765759304838,4,0,BR003,Transfer,0,0
918,27,47560.72579190628,20842.44905226519,95.84158902234756,30,4,759.2059547419974,1,0,BR003,Bill Payment,1,0
919,27,81414.22171112514,23664.751041714917,126.46718277396809,13,5,725.5727039490137,29,0,BR004,Bill Payment,0,0
920,36,29249.208676568014,7797.519518215618,145.10383083907104,21,2,640.4669019823173,16,1,BR004,Deposit,1,0
921,34,67027.94921200271,19924.051746950823,289.0136241483683,41,1,686.3015775697967,28,1,BR001,Transfer,1,0
922,38,58035.71625022474,43.0978969524258,499.94716988030615,121,4,765.3474543488727,3,0,BR002,Bill Payment,0,0
923,31,34073.39592563497,14373.205383625444,1042.6029270989711,19,1,602.1887533878869,8,1,BR002,Transfer,1,0
924,26,44512.11324624218,23000.049375193557,37.038085891469684,48,3,552.4775384326189,20,0,BR004,Transfer,1,0
925,63,62602.52596950231,16666.435613677113,1234.8703628452074,86,4,804.5657995100814,11,2,BR001,Withdrawal,0,0
926,18,87747.19164297849,33656.01530567915,1016.9615988452172,63,3,734.7990678515316,11,0,BR004,Withdrawal,1,0
927,68,50634.92419232816,17169.221930620402,22.204784683014182,148,2,741.4711001764075,3,1,BR003,Deposit,0,0
928,62,91694.39079790986,8712.55872653249,178.7156024816065,37,4,623.6228118461061,27,1,BR001,Transfer,1,0
929,30,66389.94300624335,37567.97753701348,670.965499723315,31,3,750.6269644426577,8,0,BR001,Withdrawal,0,0
930,21,93828.46344773937,26703.30915612795,378.2636627392237,74,3,718.2674081297855,39,1,BR001,Bill Payment,0,0
931,18,51701.184606838935,0.0,604.0071004053123,146,2,588.0970695506122,31,0,BR003,Bill Payment,0,0
932,66,63926.18906168189,4942.527555645169,507.8077040269826,107,1,798.69983899917,12,2,BR001,Deposit,0,0
933,57,73106.63927341391,2656.5770366280885,274.68327269326977,103,1,710.107832653311,33,0,BR004,Bill Payment,0,0
934,49,61050.76981968674,17810.666440581503,16.83663919685098,110,4,671.2741223744512,18,0,BR003,Transfer,0,0
935,51,85966.53123719519,17140.422331351096,351.0859772564529,20,2,672.5407177810348,13,0,BR002,Bill Payment,0,0
936,45,18000.0,17071.067391559493,19.914258083426375,139,4,557.9344666197337,4,2,BR004,Deposit,1,0
937,48,118292.92185337868,0.0,370.26047940305546,86,1,740.5335619741954,26,0,BR004,Deposit,0,0
938,25,83871.04135389357,6257.176080554556,644.5977351586719,44,2,717.3300045072008,27,1,BR004,Bill Payment,0,0
939,56,61182.29976122964,10656.432707487202,351.78275052124667,82,5,685.4143907366833,25,1,BR003,Transfer,1,0
940,43,52848.92318129842,0.0,2326.5750878021454,64,2,788.493964521617,9,0,BR004,Withdrawal,0,0
941,51,45938.74654813181,4153.550100978983,243.42426326110558,122,2,602.1298686702908,23,0,BR003,Transfer,0,0
942,71,79203.54043173422,24207.903391491593,552.6460719994886,162,5,657.2259266542669,16,0,BR001,Transfer,0,0
943,71,86889.59671343179,0.0,440.10140398439984,87,3,639.499422166773,15,0,BR002,Transfer,1,0
944,20,61424.42518114221,25097.344443466325,1903.873978878078,65,3,679.4843514159913,16,1,BR001,Bill Payment,0,0
945,67,89353.78908552707,21820.34183281952,499.6145753646322,55,3,703.7229017680056,0,1,BR004,Withdrawal,0,0
946,29,45040.278971255306,9383.365021759671,71.6653706767968,74,1,729.1009466667948,20,0,BR003,Transfer,0,0
947,18,41156.161300289605,6160.1430056908375,1245.0656264034458,117,2,674.7118582826417,21,0,BR003,Withdrawal,1,0
948,71,104893.50651540208,19486.448599307703,440.7798121628771,129,5,637.5850985391575,4,0,BR001,Deposit,0,0
949,61,78004.38949784794,4910.338551939322,24.468656654515456,166,1,817.0204864839311,35,1,BR004,Withdrawal,0,0
950,22,95730.66043989321,5358.018450484885,428.6732296468101,137,5,867.8148134251999,20,0,BR002,Bill Payment,0,0
951,47,46213.32641547076,11785.184363957444,858.6409740761134,95,1,709.0300670317417,8,1,BR003,Deposit,0,0
952,47,44682.441381087934,0.0,344.1928277394382,145,1,646.0253743085393,26,0,BR003,Deposit,1,0
953,74,57110.59497193407,0.0,174.79447003678607,99,1,802.2817891729605,11,0,BR004,Transfer,0,0
954,34,46870.70548614174,9159.048758986653,687.9459051738739,112,5,597.7270025570074,17,0,BR003,Withdrawal,0,0
955,65,80518.03462502592,16281.264289913393,610.2446560477115,52,4,675.5658672706621,34,0,BR004,Deposit,1,0
956,64,48475.2267476182,4785.834557291892,314.264804122847,146,1,650.2718064057589,14,0,BR004,Deposit,0,0
957,40,39223.26312251961,10221.505697804858,67.06545392942084,33,3,617.8325114684658,29,2,BR002,Withdrawal,0,0
958,32,68124.3390696151,0.0,115.59930090698343,4,2,679.3983036954761,32,0,BR004,Withdrawal,1,0
959,54,36620.3041318453,20392.354670432884,536.5038822096366,87,4,638.5079544578225,35,0,BR001,Deposit,0,0
960,38,25411.793507541435,13980.740966048834,656.1282970391084,75,4,699.8858124904058,39,1,BR002,Deposit,0,0
961,31,67931.6591449481,14776.913123752953,130.99365604360884,9,5,700.9024017370725,29,2,BR004,Withdrawal,0,0
962,19,26517.15905377538,16394.255561864054,183.5369092271264,64,4,655.5067793534614,25,1,BR004,Bill Payment,0,0
963,28,82056.14671849931,12703.14753145307,32.32435133134346,30,5,673.0640650384291,20,0,BR002,Withdrawal,1,0
964,68,34302.658022438496,7646.045172834008,499.9535744687367,136,5,682.8405722467403,36,0,BR003,Bill Payment,1,0
965,56,18000.0,22166.89093848278,5.0,133,3,755.6892242783599,30,0,BR002,Deposit,0,0
966,55,58536.473696902525,13411.930329846957,19.063760401264446,76,1,688.609941925507,16,1,BR003,Transfer,0,0
967,51,68181.07907252265,10508.525141939179,5.0,129,4,756.7291218550268,16,0,BR002,Withdrawal,0,0
968,55,75812.45140100269,11922.108114715464,414.6152518860927,15,1,740.0069088488259,33,1,BR002,Deposit,0,0
969,67,68784.34537834878,11730.31440160134,216.0929360503136,89,1,739.0071487830519,23,0,BR001,Deposit,1,0
970,51,41695.12233540967,10418.109564672191,141.27057767180966,166,1,796.1492179242182,32,0,BR002,Transfer,0,0
971,35,80687.34598038529,16014.957262571168,975.3665558381696,170,5,620.6426384177863,3,2,BR001,Withdrawal,0,0
972,47,86123.04714255442,3577.2580008986824,85.67490885392593,128,1,665.877182558502,8,1,BR004,Deposit,0,0
973,32,38473.23317397815,4234.8806783372265,197.30432383503765,174,4,822.4309160209698,1,0,BR003,Bill Payment,0,0
974,44,61017.864949488496,17033.373204857722,1127.4483794418272,26,5,680.9878449587512,34,0,BR003,Transfer,0,0
975,68,58962.31940360157,10692.845933449833,222.82222124008638,61,4,501.9413417065905,37,1,BR001,Bill Payment,0,0
976,51,69848.39482133674,20742.53791928786,323.5971547029564,123,5,684.7922159796481,14,1,BR003,Withdrawal,0,0
977,69,60491.67658096961,15679.911005686772,33.49913412256072,67,2,708.4457671114275,2,0,BR003,Bill Payment,0,0
978,74,63506.68901439451,7026.348809313911,624.5761523420783,150,2,515.8020817798152,30,0,BR002,Transfer,0,0
979,55,79119.94166531721,17175.867268158072,219.79801434662951,26,2,792.3754947921564,22,1,BR001,Deposit,0,0
980,50,40495.23180877507,22774.718621630425,644.8067432199439,83,2,649.0401275294079,11,0,BR003,Transfer,0,0
981,41,81222.20897573813,16022.816005091285,117.10338357377883,108,5,721.9994180631261,7,0,BR004,Deposit,0,0
982,32,90104.92009368751,17990.26448760117,219.60401667938828,111,1,683.1812918259157,20,1,BR001,Deposit,0,0
983,47,100950.96985675511,10454.062344569373,617.7390730906722,60,3,608.8154006557171,20,1,BR002,Bill Payment,0,0
984,72,18000.0,20937.358945924527,1457.9873959410509,39,3,624.0644305755206,31,2,BR004,Transfer,0,0
985,59,60976.163543465205,6773.786265633205,24.590841895296904,123,2,633.5442014500717,16,0,BR003,Transfer,1,0
986,68,21767.78736422104,15046.887231664648,669.4970961790106,36,1,774.9970336428546,36,0,BR003,Deposit,0,0
987,34,18000.0,35125.555371923394,143.06392443425966,21,4,688.6723268329894,23,0,BR001,Transfer,0,0
988,22,68170.04704736453,16849.92950423094,320.06431886000234,169,1,662.4694138413778,7,3,BR003,Withdrawal,0,0
989,46,56218.660557292045,8213.598924673184,137.048107210379,118,4,633.5773761186838,17,1,BR001,Withdrawal,0,0
990,21,71596.72093895642,8190.369824777404,380.19293634977555,48,3,782.7305155068289,10,0,BR003,Bill Payment,1,0
991,27,75694.80918192095,11357.9247243869,174.6602424187912,26,1,801.4940890766511,9,1,BR004,Bill Payment,0,0
992,73,92453.71107837425,19661.2120355647,162.3550135135402,36,1,781.9320729094677,25,1,BR002,Transfer,0,0
993,34,66186.24935672716,13311.99758250644,15.47068264202106,152,3,733.4706137407917,5,1,BR004,Bill Payment,0,0
994,27,129313.82358101994,6163.24968085443,63.579726041769035,128,1,719.2881029309498,16,3,BR002,Transfer,0,0
995,34,71741.01680967468,6147.3270649017895,995.9429081193209,149,4,613.8843527416869,22,1,BR001,Bill Payment,0,0
996,37,105534.53898047865,13368.443979206822,2545.574905273498,146,1,681.792661130226,36,1,BR003,Withdrawal,0,0
997,41,18000.0,12381.554880649117,606.5987162342449,15,4,651.1297857657495,27,1,BR004,Deposit,0,0
998,22,94694.26965011374,16094.785522071188,135.20443789564956,79,2,571.2141523710703,15,0,BR003,Deposit,0,0
999,51,61023.26922449767,20257.40906206405,205.96367235483385,134,1,772.9930393415756,11,0,BR001,Withdrawal,0,0
1000,23,22136.360292600024,36546.23732168549,538.0662721887967,171,4,650.2919037525407,20,1,BR002,Deposit,0,0
1001,70,74251.99240301864,0.0,1383.2792812135199,159,3,782.7159335204715,23,0,BR004,Transfer,0,0
1002,19,58334.97816434502,18181.75914557797,243.13375667673785,28,2,760.7222480532008,27,0,BR002,Transfer,1,0
1003,30,77761.17146585912,12884.769375494612,707.6605835472973,136,1,737.9702583643393,36,0,BR002,Withdrawal,0,0
1004,60,87243.68206612373,0.0,1476.6560661285646,157,4,741.9018850234229,20,1,BR001,Withdrawal,0,0
1005,60,32238.69743124489,23245.776512865545,826.9203627151709,149,1,655.9280282548405,32,0,BR002,Withdrawal,0,0
1006,65,87328.21761401347,15790.559039237527,103.06798829128321,120,4,829.0495105903465,1,0,BR001,Withdrawal,1,0
1007,28,65142.54865285577,19198.256635381407,5.0,88,1,702.0187801667134,36,0,BR002,Deposit,0,0
1008,68,94762.505843252,0.0,270.97387268725737,178,2,720.1352179583092,18,0,BR002,Deposit,0,0
1009,64,60486.7389620469,10016.247652516124,303.1688682415949,31,2,653.5646566503352,27,0,BR004,Deposit,1,0
1010,74,54651.004364308734,2287.227495951336,89.88309187703477,47,1,633.8184317456128,14,1,BR001,Transfer,0,0
1011,40,65595.18889515693,31467.908484125506,134.00697762831427,34,1,732.4107206166597,0,3,BR003,Bill Payment,1,0
1012,72,67240.93554035676,22300.953111699433,579.5286902439649,2,5,714.225944715715,27,0,BR003,Transfer,0,0
1013,33,50418.73436718182,5871.289950430842,254.2134769183074,106,1,643.7453343868196,34,0,BR003,Bill Payment,0,0
1014,48,54081.29591898376,0.0,152.71159114065057,94,1,598.3101296857217,31,0,BR004,Withdrawal,0,0
1015,28,38008.738240696635,13746.495597453795,389.80744533952867,72,2,610.1053838870716,27,0,BR004,Withdrawal,1,0
1016,71,55437.80802461572,21831.798020649236,423.09535708239946,52,1,782.7293601963775,8,1,BR002,Deposit,1,0
1017,33,79878.82131994673,0.0,586.8209430112959,135,3,656.072232974495,23,0,BR002,Deposit,1,0
1018,25,61978.208174064835,3614.0279610614743,68.17741421670729,147,1,675.2764018026917,3,0,BR003,Bill Payment,0,0
1019,21,87199.43651304122,2049.737618874371,541.1705309615886,90,5,800.5238181131343,2,2,BR002,Bill Payment,1,0
1020,57,60920.551711632375,19802.515493195286,365.9450928908784,92,4,620.449460695951,21,0,BR002,Deposit,0,0
1021,21,33506.60405008709,8671.538203099388,23.718244890105748,143,2,648.110362199806,39,0,BR004,Withdrawal,0,0
1022,73,78140.04752624483,9048.571298602452,601.033535931317,78,3,645.1863220007515,38,1,BR003,Deposit,0,0
1023,42,50180.29089726515,13571.892125750708,193.20655166218467,176,4,812.2647936816228,24,1,BR001,Withdrawal,0,0
1024,20,59865.91964720224,4095.472689038873,160.41851479554606,125,3,838.536845040769,21,1,BR003,Withdrawal,0,0
1025,49,92226.58504465058,0.0,237.73735445725114,142,2,751.609425778152,33,2,BR004,Transfer,1,0
1026,20,39460.8498861267,24327.166461242567,169.96626626661828,131,5,753.8369306907967,19,0,BR003,Transfer,0,0
1027,44,68624.36332421647,25162.371376316347,165.16848972018983,50,2,658.3751498003088,35,0,BR001,Bill Payment,0,0
1028,46,64108.59629921258,13616.242135168608,660.2658032273757,93,3,835.3129940832998,36,1,BR002,Withdrawal,0,0
1029,49,80420.36573961627,14269.399551008579,53.186451533655884,124,3,717.7387378051063,38,0,BR003,Deposit,0,0
1030,67,83813.3740406045,23349.125789220074,1410.7051650867948,54,2,758.7177185114817,26,0,BR004,Withdrawal,1,0
1031,68,70804.45809347564,13409.88200943366,323.8109601859509,134,1,691.6132542860332,31,0,BR004,Bill Payment,0,0
1032,36,57071.757775231206,8228.29884650719,80.80926530423886,177,2,680.2377188870672,28,1,BR003,Withdrawal,0,0
1033,38,75414.19508857113,12354.052140997168,56.26406040609196,151,5,815.4129581717282,31,0,BR002,Withdrawal,0,0
1034,22,94384.42973718037,24538.51773450725,358.1146797736377,78,2,736.7806575816815,23,0,BR002,Bill Payment,0,0
1035,35,64399.62132792659,12479.895015859252,400.9567662100996,78,4,800.5962822749267,2,0,BR004,Withdrawal,1,0
1036,45,59120.365482693414,5975.557188118027,21.793359801200708,20,1,716.8729720221531,26,2,BR004,Transfer,1,0
1037,59,73539.74566869579,13323.018443565878,111.35782164783876,91,4,639.6143424503837,8,1,BR001,Bill Payment,0,0
1038,39,65851.99444813146,17906.008237821876,634.8004466148582,99,2,658.1659946985059,39,1,BR002,Transfer,0,0
1039,38,35570.39267380842,16826.28145415129,20.359297495723478,173,1,706.2075669725227,22,0,BR003,Bill Payment,0,0
1040,23,70265.2776087446,16975.415532644485,772.6532795211276,56,4,655.1449848769671,6,0,BR004,Withdrawal,1,0
1041,18,35371.227007197194,4559.900887799128,429.36789294680403,2,4,621.4777013960617,16,0,BR004,Transfer,1,0
1042,22,73238.5742209858,18930.93209902611,227.9637154356305,105,1,783.0991922250918,36,0,BR004,Transfer,0,0
1043,58,47462.860063055516,12256.193452910602,170.12399808911155,173,1,660.8590950423542,6,1,BR004,Deposit,1,0
1044,29,65811.2456920996,5593.879492774905,7.774654961809335,168,3,708.6734923453924,29,0,BR002,Transfer,0,0
1045,43,73593.06593638321,18859.3654228683,697.6793285716158,112,1,719.7293512919923,12,1,BR004,Transfer,0,0
1046,63,118985.87361075857,7917.250359749125,61.59714209820291,24,2,657.8292812275602,17,1,BR002,Withdrawal,0,0
1047,51,81340.49915931234,0.0,148.16004867410388,157,5,800.5559626416118,30,1,BR001,Transfer,1,0
1048,66,95025.57381433136,2994.578570007103,336.75817359500223,109,3,620.800076715677,21,0,BR001,Transfer,0,0
1049,31,106178.45201126634,10365.267602576254,112.94123871729376,68,1,717.3137684506539,13,0,BR003,Transfer,0,0
1050,43,75763.63017398778,17204.72053900151,274.97775994917754,114,5,716.2282394463608,17,0,BR004,Withdrawal,0,0
1051,62,71285.17560587838,4223.3704312071795,662.9113514350696,84,3,695.2021777995096,34,1,BR003,Bill Payment,0,0
1052,44,41532.13560582325,9834.037856062187,254.35750366821708,49,2,608.2161170709612,16,0,BR002,Withdrawal,0,0
1053,26,62434.14148719132,1050.5349150324782,1190.194204780383,32,5,759.9572286304425,18,0,BR003,Transfer,0,0
1054,43,49092.06994801103,20838.2962461583,752.237900393812,61,1,751.0457469234218,30,0,BR003,Bill Payment,1,0
1055,74,56176.70529726351,27455.980025599965,162.0096233719863,170,1,651.7102029986148,38,1,BR004,Withdrawal,0,0
1056,64,106154.5942762343,26483.542720394886,204.30500002595852,129,2,748.5241045043754,35,1,BR002,Withdrawal,0,0
1057,74,67521.67320239978,20684.81595437524,220.19176967749686,102,3,725.2435380410543,14,3,BR002,Bill Payment,1,0
1058,39,45730.209290245606,19762.589614082353,393.59176694886145,35,5,609.3571498247225,28,0,BR004,Deposit,0,0
1059,64,95239.7360032087,0.0,135.19496190916593,51,2,639.224975980005,39,3,BR002,Transfer,0,0
1060,73,86016.06047722387,13594.559089980947,1392.734911739875,45,3,778.6797011422706,15,1,BR001,Deposit,1,0
1061,47,87168.37683720872,7535.166387060826,375.29617000255035,77,4,720.6591329599436,32,0,BR004,Transfer,0,0
1062,60,20865.13553174732,19924.197249404107,203.93155409738804,113,4,659.4987937932561,24,0,BR004,Transfer,0,0
1063,65,107870.76106987268,0.0,414.26605566439605,65,3,638.906687617915,15,1,BR004,Deposit,0,0
1064,34,52712.675673934486,13736.709324931604,201.27859360705696,14,1,662.9224341319206,29,1,BR001,Deposit,1,0
1065,43,82115.00500144062,10070.005945508377,681.0506358416751,93,1,667.8864329085607,33,0,BR002,Transfer,0,0
1066,53,120523.59539357471,22065.869396382637,335.5846446465773,131,4,639.7825877159523,1,2,BR001,Bill Payment,0,0
1067,18,112417.32046019359,25931.88348307265,17.150684688499858,24,1,577.0765121331689,39,0,BR001,Bill Payment,0,0
1068,25,43493.63323960089,3640.385846885085,77.80147984197112,65,1,778.800930048055,37,0,BR001,Deposit,0,0
1069,66,33220.61858595,4046.6060769286632,800.9743429258247,176,3,766.944357082801,17,0,BR003,Deposit,0,0
1070,52,96467.62517465441,14074.469590905423,331.0371519403881,138,3,609.8721183735198,4,0,BR002,Withdrawal,1,0
1071,69,68125.22785506799,27603.864223693876,1201.0502030695031,13,1,708.5417906894568,39,0,BR002,Bill Payment,0,0
1072,32,53980.60829135424,12541.302095547144,30.071491315703202,142,3,635.8433258099664,5,0,BR004,Bill Payment,1,0
1073,64,78666.80803265904,487.54726181102524,139.9708930346235,100,5,680.6902943741426,11,0,BR004,Transfer,0,0
1074,73,61416.6492958923,6547.183984530365,86.04206498133685,138,4,674.866339408844,11,1,BR003,Withdrawal,0,0
1075,39,80429.13101507236,13823.977480171154,322.83132075498486,168,5,669.0516048997489,11,0,BR001,Transfer,0,0
1076,31,66473.59977201212,14161.821857075607,193.02021733214775,151,5,839.2062958853401,8,0,BR004,Withdrawal,1,0
1077,43,80892.53442321967,5663.211279668641,68.44514023730737,99,1,668.1772020726667,21,1,BR002,Bill Payment,0,0
1078,45,45320.280838999446,6367.883755983404,411.7299278663996,55,1,642.4215322453152,15,0,BR004,Transfer,0,0
1079,40,96338.16428891796,3165.888048992416,307.4055853293955,63,5,645.6192999352066,3,0,BR001,Withdrawal,0,0
1080,31,80347.71415611364,22270.54065468416,128.4879595872127,71,5,772.0643869481229,2,2,BR003,Transfer,1,0
1081,41,79218.5421268786,4487.023386359493,261.39474698900995,170,2,583.3528367814946,15,0,BR001,Withdrawal,0,0
1082,19,40411.26160573613,7816.8521647354455,547.7565146277872,99,2,645.6163958495135,13,1,BR004,Deposit,0,0
1083,62,102391.91316617344,7560.7237512844285,91.90198069000107,66,4,800.2775988078074,37,1,BR003,Transfer,0,0
1084,43,64698.2458139421,0.0,138.6365230185725,79,5,716.0790331598353,3,0,BR003,Deposit,0,0
1085,31,81017.0749734565,4229.2622566396585,169.92705878533633,73,3,712.434540352528,1,0,BR001,Withdrawal,1,0
1086,73,57897.86179757461,23053.238393578846,549.3140394108335,47,2,848.2502522100591,9,1,BR004,Transfer,1,0
1087,68,70739.55942300614,1116.4094238834477,750.7246400873341,81,1,716.2443567063949,10,0,BR001,Withdrawal,0,0
1088,24,71536.8017466269,3327.219283562692,188.89107798156962,126,5,649.4269687048293,38,0,BR004,Withdrawal,1,0
1089,20,18000.0,7.088035986667819,140.7436871784319,52,3,679.2546060186556,25,1,BR004,Deposit,0,0
1090,64,77813.85874240629,11184.495957918652,880.9032196771843,146,3,619.5197383678602,36,0,BR002,Transfer,0,0
1091,40,108237.51215788585,28969.290491396612,2944.711512635769,146,3,786.9155928010988,25,0,BR003,Bill Payment,0,0
1092,63,76875.16569782306,10805.752006256356,443.8939337888395,152,1,739.21932022757,3,2,BR004,Withdrawal,1,0
1093,60,43930.41852442576,12600.859128189508,1841.2934245499032,23,2,777.7089904979622,25,1,BR001,Deposit,0,0
1094,64,79299.15445538552,4840.974877197103,431.4841933418693,140,3,783.908874998456,37,0,BR001,Bill Payment,0,0
1095,62,88308.57166381346,11445.437596869548,528.8927893380659,151,2,670.0052453350727,27,1,BR002,Deposit,0,0
1096,35,76274.26335618852,23061.452757128543,196.83818772407514,21,4,632.8673003593777,1,0,BR002,Deposit,0,0
1097,55,63369.20365853904,13286.184488743562,226.93549622363295,64,1,695.3800822084368,1,1,BR002,Deposit,1,0
1098,52,59672.71703187352,31185.930738559473,62.25736054781711,72,2,637.9067250448023,15,0,BR003,Withdrawal,1,0
1099,68,59581.18538193025,23335.31741075122,692.0776787484087,162,2,710.5469812786317,22,1,BR002,Bill Payment,0,0
1100,32,80351.09182224667,11223.152890995603,1069.8018642621632,130,3,778.2467816584283,22,0,BR003,Withdrawal,0,0
1101,42,34043.27210868818,11047.909119670963,390.6691702814457,69,3,687.2302247765583,12,0,BR002,Withdrawal,1,0
1102,72,56818.79046118105,26678.30823861268,168.4227979797903,159,1,709.4996562935418,20,2,BR003,Transfer,0,0
1103,54,100103.41610624085,13235.93018269706,66.9020866779706,68,2,692.4308068643644,38,3,BR004,Bill Payment,0,0
1104,45,100952.29586469787,24680.29404244551,123.23894391401124,147,5,755.1909300706388,24,0,BR002,Transfer,0,0
1105,27,32480.764068363434,30026.16606114,117.96884515050792,128,3,652.2552323998196,36,0,BR003,Deposit,0,0
1106,56,40108.900552200605,10162.025689583017,380.27822354820546,107,3,545.248761684983,12,0,BR004,Bill Payment,0,0
1107,74,59046.34725038539,15167.59829341514,1160.4414057172362,109,4,731.9608201562767,14,1,BR002,Bill Payment,0,0
1108,34,84636.96937651574,20820.037661097413,19.79035221001753,72,1,768.1484094915595,27,1,BR004,Withdrawal,0,0
1109,56,24795.564210834214,18907.500351202678,5.0,103,2,730.2461971330976,2,1,BR002,Deposit,1,0
1110,39,63794.210031815484,18844.41659628451,366.69827845620676,141,2,654.183865317239,22,0,BR001,Withdrawal,1,0
1111,43,54568.05855524781,0.0,133.66382393300793,65,2,619.5491531269752,3,0,BR003,Transfer,0,0
1112,61,94171.22283427513,4364.249446543808,849.9374111438474,134,3,733.6148272246226,2,1,BR001,Deposit,1,0
1113,42,28108.013572676406,7542.596811529312,158.55277882304017,112,1,708.9035267054271,38,0,BR003,Withdrawal,1,0
1114,34,67035.89354085969,22929.787231218084,136.84832020142235,155,2,690.1945160639169,7,0,BR001,Withdrawal,1,0
1115,30,56340.59237833094,881.6258358580253,125.61623502100898,79,5,826.5724340095653,24,2,BR002,Withdrawal,1,0
1116,37,97335.57637810035,25709.04036460955,62.5926772033428,126,4,632.7239934073068,11,1,BR001,Deposit,1,0
1117,42,78148.3582197715,19018.507026708146,348.46048382816383,121,4,823.2525914789226,4,1,BR002,Transfer,0,0
1118,21,52112.055496329835,22388.072022504966,73.67184187896241,87,2,701.2248733409448,32,0,BR003,Bill Payment,0,0
1119,27,83774.5017532398,3634.2023047950115,221.0975930395314,48,3,570.5100666190388,24,1,BR002,Withdrawal,0,0
1120,20,56445.76522721138,12650.721264211172,247.1951433258678,88,4,686.4558141976602,24,0,BR001,Deposit,0,0
1121,58,86985.25364727459,14690.485075181847,8.28196882289097,68,4,766.1647253619609,34,0,BR004,Bill Payment,0,0
1122,62,59784.30620051728,14294.703018204242,6.780049987850302,172,4,673.4461477036521,14,2,BR003,Withdrawal,0,0
1123,35,88202.66473291279,14660.916607620456,293.76494994217626,101,4,595.7655021133123,25,0,BR004,Deposit,0,0
1124,64,74593.8030127995,9511.261676443995,476.33673394270176,17,2,687.4839827742682,9,3,BR004,Transfer,1,0
1125,53,136730.80377521133,13216.863729572935,1139.9087527391134,38,1,638.9979338275806,23,0,BR004,Withdrawal,0,0
1126,64,63836.28788084791,21302.075595586684,78.95098855403683,138,1,733.4270080761573,34,0,BR004,Deposit,1,0
1127,39,73422.97041567187,1501.3892240319892,43.595194541967125,54,3,753.1379871247328,28,1,BR004,Withdrawal,1,0
1128,51,54452.65568224951,25923.45107014863,21.397403941122885,134,5,625.0610714576326,37,0,BR001,Deposit,0,0
1129,64,65059.07749660513,20837.09060731603,229.10990350848937,134,1,649.5937161419046,4,0,BR002,Transfer,0,0
1130,25,18000.0,3313.182965850001,390.36042509749865,52,5,751.9649725574857,23,1,BR002,Transfer,0,0
1131,57,75242.84836390271,15454.524391097893,734.4183751238128,15,1,638.8809005190728,18,1,BR004,Deposit,0,0
1132,66,94543.23268488706,20113.488985422402,459.0935547916533,68,1,623.2489304920404,8,1,BR001,Bill Payment,1,0
1133,61,73725.8601011858,882.3600850288458,93.45981308782586,112,3,616.4916207742622,25,1,BR004,Transfer,0,0
1134,36,36095.0479244977,12377.805900389409,247.7879926503672,104,4,723.6427029070684,24,0,BR004,Withdrawal,0,0
1135,59,47360.682640401974,11293.362292484944,964.7205298796216,7,3,720.6410403662225,34,1,BR003,Transfer,0,0
1136,58,18000.0,6189.775117437949,158.2501088748462,51,1,651.1167778734671,35,1,BR001,Withdrawal,0,0
1137,54,86536.32815103933,12831.211530876119,276.2444516968542,58,4,699.3559777289764,13,0,BR004,Transfer,1,0
1138,23,42856.70756038923,6597.420816334888,1273.4549684267965,109,4,805.8992668908592,5,1,BR002,Transfer,1,0
1139,69,64368.41101533099,24368.763620736634,530.7696775379198,111,4,630.8157890157245,31,1,BR003,Withdrawal,1,0
1140,43,61617.77340880116,6360.201108053309,550.9186024284618,154,5,562.3780173692685,25,0,BR004,Transfer,0,0
1141,51,97729.99478448187,19127.810460118424,116.319572278424,31,1,730.855290300426,14,0,BR004,Withdrawal,1,0
1142,73,66876.18899524625,0.0,214.2510111065512,92,2,691.2719185268888,30,0,BR004,Withdrawal,0,0
1143,62,82795.64424233222,10543.711765350348,34.37227381055386,106,3,649.2982439229429,36,2,BR001,Transfer,0,0
1144,23,77022.20281124857,12110.80041616223,373.0959796476018,13,5,744.6456166148436,37,0,BR004,Transfer,0,0
1145,54,94907.05123915078,10251.380544460224,43.80550228037104,146,3,757.7457601268153,36,0,BR002,Withdrawal,0,0
1146,74,59739.27872093491,8433.135325241481,722.9350700283675,119,2,544.4205386083935,18,0,BR003,Deposit,0,0
1147,50,106131.53727109937,5992.364771893898,673.9961583845661,141,4,653.3181463467959,13,0,BR001,Transfer,0,0
1148,70,21315.43255921507,18790.867020134127,305.08903249275494,115,2,861.2261361837798,35,0,BR003,Bill Payment,0,0
1149,39,83864.41695602718,20995.120695858423,60.8718649156111,152,3,739.8383441058734,36,1,BR002,Transfer,0,0
1150,38,45934.368609389094,11260.552027290149,10.36472531545414,57,2,746.3272546808005,10,1,BR004,Deposit,1,0
1151,23,54159.50983884104,2130.2624278052426,637.2460774017901,126,1,781.1025995042035,26,1,BR001,Deposit,1,0
1152,23,77527.11387182277,28145.54398248145,366.656800638283,157,2,700.1948177639808,1,1,BR004,Transfer,0,0
1153,72,77350.84509665034,4081.8231038290733,496.4340596173839,54,1,754.7678912064134,21,1,BR001,Transfer,0,0
1154,65,78341.41630118157,0.0,144.8514155371992,133,2,749.2643430686041,1,0,BR004,Bill Payment,0,0
1155,21,34504.52522968476,0.0,284.917923046884,163,1,736.7329047726931,19,0,BR002,Transfer,0,0
1156,47,96878.66508814329,12895.067072213944,550.021779372229,19,1,676.4591620567817,16,0,BR002,Deposit,1,0
1157,28,45185.763398991134,10043.252530362872,248.37772353066612,77,2,711.0441245656381,3,2,BR004,Bill Payment,1,0
1158,47,48119.68401504562,21278.609842317055,367.90291614918124,69,5,657.8146904985256,13,1,BR002,Transfer,0,0
1159,48,79033.72823967024,17499.761071009925,623.7418373437387,44,4,699.8970013196547,6,1,BR004,Bill Payment,1,0
1160,41,58692.13415525271,14611.811021265341,96.94107099266616,38,4,617.2056375530514,14,1,BR001,Bill Payment,1,0
1161,72,71781.73849237482,9557.695240835254,27.281083223960316,62,4,643.6563206108933,29,1,BR002,Deposit,0,0
1162,26,18000.0,21989.795449778998,303.56397620073835,22,1,679.2381570652549,15,0,BR001,Deposit,0,0
1163,72,71255.13788942309,28806.509115772795,25.655769155723295,73,4,632.9406197998946,39,0,BR004,Withdrawal,0,0
1164,20,69792.30134926873,21080.812792169134,581.9274416008725,168,1,663.6487910478377,1,0,BR001,Deposit,0,0
1165,68,53783.11216918577,7828.21532235711,508.06135023524524,154,5,687.5251816271139,18,0,BR003,Withdrawal,0,0
1166,48,19370.328885174633,19034.089984939576,853.8554506851189,125,2,727.1583641265064,0,0,BR004,Deposit,0,0
1167,57,60318.2182474047,8381.192470795066,408.1742369560377,5,2,765.4480111297037,30,1,BR002,Deposit,0,0
1168,54,64177.77508443051,2054.3941572602307,27.824743654336608,54,1,666.5350940035324,3,1,BR002,Withdrawal,1,0
1169,53,56920.96221272911,3908.6484409024933,116.75750526759442,86,1,792.4573232088037,26,0,BR003,Withdrawal,0,0
1170,41,24604.161782485047,8776.39436276029,659.9619974830706,177,5,764.7027755037846,24,1,BR004,Withdrawal,0,0
1171,48,100084.14816097215,12935.637110671896,73.15224552540714,3,4,734.2865682360759,21,0,BR004,Bill Payment,1,0
1172,23,50945.046385223795,30545.23037317913,479.56819261854974,38,5,709.7554390507634,9,1,BR004,Withdrawal,0,0
1173,19,60111.49741569618,4064.794719493191,606.1228819380005,142,2,721.3384589307979,32,1,BR004,Bill Payment,0,0
1174,37,18000.0,23911.396407221953,160.25777719629016,175,2,782.0935805466468,29,0,BR001,Bill Payment,0,0
1175,45,100086.81767136056,9144.664034766878,155.61873546119733,142,4,784.6505761831492,29,2,BR004,Withdrawal,0,0
1176,28,54735.90150185076,0.0,326.3996295670492,73,2,792.446270986855,15,2,BR001,Withdrawal,0,0
1177,21,67166.18197563245,7448.46597362696,790.1373673353183,38,1,701.8928782313902,8,0,BR001,Withdrawal,0,0
1178,32,89656.22378596633,22590.272938509217,101.39275691229435,172,2,737.8477015499029,16,1,BR002,Deposit,0,0
1179,23,50121.30749623423,15102.025673963122,1133.8414571178466,125,3,793.0482554635436,34,0,BR004,Deposit,0,0
1180,71,86191.38972250397,15640.060787975612,365.63594704157225,70,4,655.3398775558525,14,0,BR001,Withdrawal,0,0
1181,66,19650.83996929488,23956.53607959942,1937.6995800444722,65,4,676.7108202397187,27,2,BR004,Transfer,0,0
1182,47,77121.7064665689,2672.97339957845,37.5545161644,25,4,700.1225664109435,19,1,BR003,Withdrawal,1,0
1183,73,99589.32766343237,2534.2461291697473,54.12731481388329,16,3,761.9719116585585,32,0,BR001,Transfer,0,0
1184,55,52230.829361203345,0.0,700.9581304987203,15,5,763.0620505503036,32,2,BR002,Deposit,0,0
1185,68,89615.39564656478,19893.73864118506,800.2695810489065,131,1,682.8395122161445,35,0,BR004,Deposit,0,0
1186,74,105346.29834826323,17062.35810266643,235.8455889919374,37,4,593.3973381934203,12,0,BR002,Transfer,0,0
1187,19,59393.479562811575,18515.698676320026,500.80494670620556,125,2,716.2328761007177,3,0,BR001,Deposit,1,0
1188,32,57574.37771130306,1352.8989834889762,808.6420340516399,113,1,634.7178703870119,22,0,BR001,Withdrawal,0,0
1189,28,45237.53759168931,0.0,17.634170581733418,166,2,594.7044656751845,7,0,BR002,Transfer,1,0
1190,25,53785.93658592706,123.43522410000696,341.2798246136231,1,1,610.5289907486399,12,1,BR004,Transfer,1,0
1191,43,47062.082414002354,3696.849548771661,768.2391560518843,71,1,721.8466705491892,23,1,BR001,Bill Payment,0,0
1192,68,45219.555834601,25985.63018021569,203.10209993328024,103,2,794.2726152652965,39,0,BR003,Deposit,0,0
1193,62,91374.37652764985,21001.140514042516,144.03436250050618,19,2,701.7226161365371,29,1,BR002,Transfer,0,0
1194,61,47621.62744365829,7876.014234417118,635.2793998584602,52,1,713.7966458252175,29,0,BR001,Transfer,0,0
1195,22,70687.48212383171,14693.267939339865,163.6607083038647,118,4,781.8026457214547,24,2,BR004,Transfer,0,0
1196,23,65841.13557475724,5894.739784670351,5.0,158,2,590.8881563641512,32,0,BR001,Deposit,0,0
1197,43,97958.0803765647,15278.517847034913,1283.2988800301443,107,3,735.412349512019,8,1,BR004,Transfer,0,0
1198,71,53930.5628947897,1757.1383603220165,358.71608003367015,55,3,698.1887150976825,25,0,BR004,Transfer,1,0
1199,21,73385.25702639509,18752.263013765383,684.8495115076115,14,1,738.6240221182447,23,0,BR001,Withdrawal,0,0
1200,36,82403.5334500744,4352.670321740463,697.8776019542532,13,5,665.1561264117329,32,0,BR003,Withdrawal,1,0
1201,37,97774.49136105279,19253.235256888413,27.487343827261114,84,1,641.7443896701462,38,1,BR004,Bill Payment,0,0
1202,50,53609.42640900413,8153.193826250921,74.94660016501588,90,1,708.8356232999923,24,0,BR002,Transfer,1,0
1203,37,51406.365687887635,4889.316417615535,149.07567072278195,27,4,814.4433926334123,14,0,BR004,Deposit,1,0
1204,66,41640.81681287884,26516.970455246905,154.67654811686654,89,4,759.2637073179023,5,1,BR004,Bill Payment,1,0
1205,29,114198.59165866129,13592.51566404389,430.09831097693365,137,5,663.4615060873936,19,2,BR003,Bill Payment,0,0
1206,64,95458.39363996853,9100.367660562984,390.345091457637,41,5,605.1319574813105,15,0,BR004,Bill Payment,1,0
1207,18,64071.569325135046,18823.604775161377,272.95394347523387,48,5,581.255290141155,20,0,BR001,Transfer,1,0
1208,43,107491.66132479525,0.0,94.92931019816486,12,5,791.1269616295338,14,3,BR003,Bill Payment,0,0
1209,31,62759.00532395554,21961.772303343227,192.49602952329076,138,5,632.1442398304921,38,0,BR004,Deposit,0,0
1210,55,80937.03037153765,10744.997642323955,313.7489782495918,6,1,676.2140610903544,3,0,BR001,Withdrawal,0,0
1211,54,65223.781837899856,17407.089441015938,252.4337130781579,162,1,791.4847788254303,23,0,BR001,Withdrawal,1,0
1212,28,73751.71993851036,0.0,54.46194750141623,41,3,586.0268981164706,2,0,BR004,Transfer,1,0
1213,53,71418.75173573803,8558.16637680304,419.3698046480841,6,3,803.4585156632542,0,0,BR002,Deposit,1,0
1214,30,55650.321785713706,12041.221254109356,30.343027656346482,130,2,681.2451682275249,29,0,BR002,Deposit,0,0
1215,60,89034.96783787776,21272.692922566755,190.05129221736607,15,1,618.5991679332883,12,0,BR004,Deposit,1,0
1216,20,80750.95318904583,18123.699575437342,495.1902240010679,145,5,681.6854350995761,17,1,BR004,Transfer,0,0
1217,50,87609.28105703252,8467.706661443248,8.090688968762723,16,2,648.4182253018965,39,1,BR001,Deposit,1,0
1218,23,72044.99808098562,14861.529815910433,337.57204615366794,156,4,729.8573859234001,10,0,BR004,Withdrawal,0,0
1219,67,45055.46260090305,23309.121915542833,162.89926320488516,85,1,653.6307296278555,28,1,BR004,Deposit,1,0
1220,73,102606.49346426944,10200.103649196959,5.0,10,3,565.185045235667,3,1,BR001,Deposit,1,0
1221,27,59223.76286151663,9220.215356082233,84.4777269788858,138,1,683.5606225913707,24,0,BR004,Transfer,0,0
1222,22,73009.47462850512,0.0,1131.722508885053,138,1,604.0418463399423,35,0,BR004,Bill Payment,0,0
1223,40,78978.38989408992,9488.348981914709,294.54623893731963,156,1,713.3023918791824,35,0,BR004,Bill Payment,0,0
1224,27,72863.27775678762,0.0,2355.1597233933817,152,1,615.9008767401673,39,0,BR001,Transfer,0,0
1225,61,85139.17446706604,10970.987888701136,297.6219042556067,19,4,664.8391037779539,27,1,BR004,Transfer,1,0
1226,19,88614.31429096297,20893.216289184722,314.04921298306994,68,3,711.7811462950035,7,1,BR002,Transfer,1,0
1227,30,60053.66293296054,0.0,198.9288911725618,42,1,684.1278892476012,20,0,BR004,Transfer,1,0
1228,57,100760.28152302423,23107.879421587113,148.44890439127897,140,4,716.5301198100732,34,2,BR002,Deposit,0,0
1229,19,59128.12180845217,9027.991860094213,115.89797448140126,146,2,746.620101600243,17,0,BR004,Deposit,0,0
1230,37,72408.47907537734,11755.516195860548,168.28466908723254,151,1,617.9446410188086,24,0,BR001,Bill Payment,0,0
1231,18,56471.079960706906,7478.221978753125,246.3641605330992,84,4,694.4921721562705,4,1,BR002,Transfer,1,0
1232,54,50183.58250168261,0.0,85.27330317000482,134,5,465.93473417443096,7,1,BR004,Transfer,1,0
1233,26,87972.20395339903,4953.0974313338365,101.89243630078451,53,2,716.3133311177767,22,1,BR004,Deposit,0,0
1234,34,133681.73174337298,30876.690616045362,126.73164338080171,98,3,677.9430108737611,2,0,BR004,Transfer,1,0
1235,26,57041.28245695303,2135.590533718936,238.59690171909227,42,1,630.158516556542,36,3,BR004,Withdrawal,0,0
1236,28,91737.07464291774,0.0,423.1571183303968,30,1,721.1003595607567,30,1,BR001,Deposit,0,0
1237,32,57829.951120595724,13271.619246663926,775.582970937035,9,4,781.0888304029547,28,2,BR003,Withdrawal,1,0
1238,41,64769.3305091679,11228.011363449152,135.38351222226484,170,3,665.678757668074,19,1,BR002,Deposit,0,0
1239,55,103666.84298909678,9090.03188283917,81.20322526964375,34,5,632.8629856830796,2,1,BR004,Deposit,1,0
1240,72,41382.22372834327,12130.031490170306,190.4714395801458,168,2,710.5517683707099,22,0,BR001,Deposit,0,0
1241,52,35560.5004902913,17797.82349626541,899.1746635681383,88,3,605.5075333347547,39,0,BR003,Bill Payment,0,0
1242,47,63081.62972721072,6715.527601932174,5.0,145,1,652.7733040625122,20,0,BR001,Bill Payment,0,0
1243,48,79600.43261462884,13749.69187454355,453.1183167967077,157,4,784.5681513155351,12,0,BR004,Deposit,0,0
1244,66,75200.6645769794,21214.871959170036,259.39195113320807,50,5,703.3525460868601,7,0,BR003,Deposit,0,0
1245,22,72934.94186524591,3042.4019992068443,70.23986296714759,76,4,567.4373125237684,4,2,BR002,Deposit,1,0
1246,61,65750.90359325471,0.0,154.866341933557,177,2,573.2105846904419,24,0,BR002,Deposit,0,0
1247,67,82303.88059364623,18037.276428863246,101.93111687708422,46,3,710.3459984852743,38,1,BR001,Transfer,1,0
1248,31,18000.0,34526.66318042675,840.9438026353305,46,4,759.3673403142382,36,0,BR002,Transfer,0,0
1249,70,48482.2832880697,11933.808117160661,263.0142536211164,126,4,585.7664978961695,4,2,BR002,Transfer,0,0
1250,73,62940.52699576415,13817.389809593606,331.21513840006963,17,1,730.4798825247556,7,1,BR003,Bill Payment,1,0
1251,28,80499.7655802552,9337.724102154085,360.2532018899892,66,4,792.1240455242803,3,0,BR002,Withdrawal,1,0
1252,26,97774.83308150846,26292.547573592332,408.2353079686727,104,5,831.1501291571047,21,1,BR003,Deposit,0,0
1253,51,45527.806420322915,11300.1876034962,273.71913301922314,5,3,722.1855931901913,13,0,BR003,Transfer,0,0
1254,29,97055.72976180448,10320.922559865583,7.214076633728342,123,2,734.4761816186732,18,1,BR003,Transfer,0,0
1255,52,55043.643277570016,20197.774328422827,163.0205252373079,125,4,549.6770900660299,12,1,BR002,Transfer,1,0
1256,52,62141.984774424905,7641.543340228604,81.27423753148052,112,5,845.9826783597192,34,0,BR001,Deposit,0,0
1257,18,77791.5154135475,437.75669031731013,455.9523067785583,16,2,658.7156850832715,3,0,BR001,Deposit,0,0
1258,57,60528.806255250995,19940.703415911245,23.350337717477448,81,5,633.6570189102471,32,0,BR002,Withdrawal,0,0
1259,39,89422.58734665898,6676.0751309506895,331.86487978307025,91,4,681.1355705892263,21,0,BR003,Bill Payment,0,0
1260,46,56098.70880751084,3220.8597509158844,94.60892074356669,135,4,804.8171389929802,0,3,BR002,Withdrawal,0,0
1261,25,56430.230191832656,30900.43342715868,1189.1645722005017,136,3,853.5632233280484,10,2,BR004,Deposit,0,0
1262,28,88143.5589926053,10392.628770995592,163.51280650031345,72,1,707.7786075633092,15,0,BR001,Withdrawal,0,0
1263,58,48211.26345811152,16448.034740675997,157.3481330949579,96,5,768.8658920822559,3,0,BR003,Transfer,0,0
1264,54,70476.44009696651,12265.754169069989,1027.5832261940893,111,1,702.0242834079853,28,0,BR002,Withdrawal,0,0
1265,31,28469.381310735873,4023.1245866670433,216.066018638027,82,1,626.3543168887271,38,1,BR003,Transfer,0,0
1266,47,105032.06574534619,18204.902580197304,1317.2494293317554,38,2,802.3720569551804,37,1,BR004,Withdrawal,1,0
1267,52,91544.14259720905,14831.21085408052,9.786899569404605,54,2,655.4510763750528,23,0,BR003,Transfer,0,0
1268,38,125502.35839077662,6065.5815152406085,146.3119791320977,76,5,806.4871541360318,8,0,BR004,Withdrawal,0,0
1269,54,94444.00209182048,15898.713040707047,438.8768713206501,15,1,789.8978930838359,7,1,BR001,Bill Payment,1,0
1270,22,40147.6949487894,7371.209152829982,886.0384019852773,178,3,741.9825384770046,13,1,BR003,Withdrawal,1,0
1271,36,79710.29692353302,2059.541759023228,118.50381787648791,116,1,827.0282329378047,14,1,BR002,Deposit,1,0
1272,31,44803.8072311203,1148.9947108308916,1066.442464235156,9,2,855.2642223230017,21,1,BR003,Deposit,1,0
1273,43,99716.82515516816,14430.52758866681,360.68053708506795,8,1,686.7329645924982,36,0,BR003,Transfer,0,0
1274,21,40774.91366449341,8555.421630644001,645.7967512882842,110,4,642.3844117108498,14,0,BR004,Deposit,0,0
1275,42,39718.59254672445,25515.336171395655,202.47277184026095,147,4,568.5011113920469,5,1,BR004,Transfer,0,0
1276,62,29584.148018672888,11613.376979958388,95.39445088619122,51,3,856.127757880118,0,0,BR002,Bill Payment,1,0
1277,59,54255.64393221397,4933.170358917762,968.7070124576234,31,5,668.2222593757085,19,0,BR001,Deposit,0,0
1278,42,49831.48785476143,13420.358747795208,1082.0370420789257,102,1,778.4525799971218,35,0,BR001,Deposit,0,0
1279,35,37243.719671536164,351.5941058285425,275.32367633458483,3,4,647.1121242743362,1,2,BR004,Transfer,1,0
1280,57,108775.80029335752,11242.818835277678,5.0,99,5,806.6785948638425,5,2,BR002,Bill Payment,0,0
1281,25,76657.3753205062,14872.50098830448,46.51598948300717,83,4,649.991768572921,1,2,BR003,Bill Payment,0,0
1282,56,74069.15987684765,13761.050768717749,340.4146994135255,43,5,615.579660646786,2,1,BR002,Withdrawal,1,0
1283,57,99961.61722345438,23725.199374677824,9.625572044821697,29,5,684.4045498332375,6,0,BR002,Transfer,0,0
1284,31,70637.67142494456,35377.65413260006,202.276811952325,10,4,661.7757009326854,19,2,BR002,Transfer,1,0
1285,49,48529.03556688693,18042.576342071563,144.60031101000828,140,2,740.7409849822849,4,0,BR001,Bill Payment,0,0
1286,68,27595.385664611553,22609.166950069673,501.19278255167234,46,5,695.4023550965234,24,1,BR003,Transfer,1,0
1287,55,47288.737368445116,34891.16393691516,22.873156551404566,30,1,742.9391676186345,37,0,BR002,Deposit,0,0
1288,50,98119.14321118616,2943.9673696517166,268.34397383961294,94,4,678.6284968840295,17,0,BR001,Deposit,0,0
1289,40,37382.60545490448,13175.646678975076,346.15756280993156,32,2,652.4424840286837,0,0,BR001,Deposit,0,0
1290,32,72768.79923595328,7698.031211220073,384.19222737343193,47,4,658.1507616472749,24,0,BR004,Transfer,0,0
1291,50,87746.35314788227,19583.91939234965,207.78356141613523,88,3,842.1457158621719,16,2,BR003,Withdrawal,0,0
1292,42,71277.58648975154,14444.570275289589,145.1736731123504,63,1,714.7619652558855,14,1,BR002,Withdrawal,0,0
1293,34,73777.63323339283,4634.109120864596,458.90220796189294,154,3,560.1366453382868,4,2,BR003,Bill Payment,0,0
1294,50,79423.28608321538,12098.5303471234,752.4174239642239,131,5,662.5853690582144,16,1,BR004,Transfer,1,0
1295,64,73344.17918009829,21422.30465690297,473.16856293525416,23,5,705.7806222733113,20,0,BR004,Bill Payment,1,0
1296,72,100399.63179441221,266.478320774404,1075.901632956542,74,3,828.1779776875265,22,0,BR002,Transfer,1,0
1297,19,42113.58197899257,4823.898999249188,505.2960000685351,50,3,771.0089101122929,9,1,BR001,Withdrawal,1,0
1298,31,70289.34729045328,3474.524234623721,578.6194684272431,164,5,634.4797514462659,16,0,BR004,Deposit,0,0
1299,70,24998.710452062754,14937.56899938219,73.52259787648737,124,2,868.2849027500715,0,1,BR001,Transfer,0,0
1300,57,19377.58388189618,23164.64471653464,217.57350957385913,13,1,696.8187744638966,36,1,BR004,Withdrawal,1,0
1301,57,63203.237321256354,0.0,265.4783291359215,126,4,786.2430867752461,6,0,BR003,Withdrawal,0,0
1302,68,76954.35051678465,12849.58707130725,118.44334285743376,29,3,618.1494051820068,11,1,BR002,Withdrawal,0,0
1303,56,100874.69109922642,3682.013544523341,300.7682879776763,166,1,531.1285833324372,39,0,BR004,Deposit,0,0
1304,68,118235.41812623019,21048.624973469858,137.4425383525403,121,4,600.4097956742147,0,0,BR003,Withdrawal,1,0
1305,23,94036.93475464056,9867.285519858715,465.26300272089475,90,4,471.4766566663006,19,2,BR004,Bill Payment,1,0
1306,23,80997.64637675663,13176.065451696579,254.16908651399916,133,3,846.8462529077036,30,0,BR002,Withdrawal,0,0
1307,20,68519.22682702394,11987.96704318146,245.59169299564746,148,2,714.0173043220491,3,1,BR003,Withdrawal,0,0
1308,24,31312.982609965693,22117.969228708607,1645.2282673532884,78,2,634.2749187086379,25,0,BR001,Transfer,1,0
1309,68,61787.19467368044,30437.683777180042,199.32492943840515,109,1,730.6836820986084,11,0,BR004,Transfer,0,0
1310,25,93388.28852768097,1788.01203106703,179.95206534727168,14,1,712.2533825326116,21,0,BR004,Transfer,0,0
1311,59,84762.20083261689,3426.994938048132,153.44487557001304,136,5,742.4653376929793,0,0,BR003,Withdrawal,0,0
1312,69,36700.64877297514,14893.481122992362,900.5637619167654,48,2,783.6671980795388,0,1,BR002,Withdrawal,1,0
1313,32,78508.56423968656,4652.378865282732,274.6464824297458,141,1,678.705519288249,2,0,BR004,Bill Payment,0,0
1314,64,76624.64186108985,20402.253933602467,366.5307704923007,24,5,637.411248572931,11,0,BR003,Deposit,0,0
1315,46,72697.58264252423,21847.057131759037,79.77983293091424,79,4,756.9442650060342,20,0,BR002,Withdrawal,0,0
1316,50,64387.17778169864,7080.813189781878,311.4317997897804,162,1,755.1632944519126,12,1,BR004,Deposit,1,0
1317,69,79642.84727277225,5128.164600226724,128.4393962431528,51,5,706.0515065684941,12,0,BR003,Withdrawal,0,0
1318,47,80340.88685607277,9526.988805125528,524.6780297486564,3,2,851.428793207654,17,1,BR002,Deposit,1,0
1319,56,50887.90716050909,12936.163925667166,714.7764754250036,128,4,668.3524513996844,32,0,BR004,Transfer,0,0
1320,44,75010.3093504061,14833.534709056725,501.84083243445104,119,1,636.0099419855312,5,0,BR004,Withdrawal,0,0
1321,53,60833.30690356129,0.0,524.0952194587254,58,2,728.2663999254621,24,2,BR002,Bill Payment,0,0
1322,46,32280.854909582653,3292.9003303489335,287.36524036192634,125,4,651.7543500160551,22,1,BR002,Deposit,0,0
1323,55,52644.64522916039,8363.105860164744,498.08192028493164,113,3,733.6861566901428,23,1,BR003,Transfer,0,0
1324,74,30598.826922400644,4827.096014278017,219.7482347349096,55,2,640.6894220912392,36,2,BR004,Bill Payment,0,0
1325,50,86562.05777154231,0.0,421.63437038596453,119,3,670.983040194768,25,1,BR004,Transfer,0,0
1326,54,72829.56630619502,0.0,119.92302809140027,120,1,831.3588294027415,3,0,BR003,Withdrawal,1,0
1327,44,57179.20655346921,251.7732697406973,28.923779951155353,80,5,670.6088850276625,37,0,BR004,Bill Payment,0,0
1328,72,96251.46955235026,10962.44219232103,213.41481058312138,42,1,643.0803919187892,34,1,BR004,Deposit,0,0
1329,50,66495.79996678566,8074.180258668213,247.79378158511923,21,2,780.947515209455,10,1,BR004,Deposit,0,0
1330,21,33513.09936872876,6315.878257242829,118.50465983120873,10,3,625.4270634799315,35,0,BR001,Bill Payment,0,0
1331,39,55331.47211595616,19168.634647135565,520.354334201472,57,3,650.4939738897052,24,0,BR002,Deposit,0,0
1332,19,100922.79212001243,19165.202984313855,30.558287302242267,153,4,739.3592784356297,19,2,BR001,Transfer,1,0
1333,27,50271.53624803884,13349.267881336864,100.79642968523865,56,1,764.6887996711305,0,0,BR001,Bill Payment,1,0
1334,22,71054.86835267226,13081.082544467925,552.2278609571363,38,1,784.4333473756752,29,0,BR002,Deposit,0,0
1335,27,81365.28573932205,4290.055041599297,229.8785640370184,86,2,646.694471744566,3,0,BR001,Transfer,0,0
1336,50,77978.86666020873,5367.069024091248,488.69672901645015,113,3,740.7206071090284,22,0,BR003,Deposit,0,0
1337,71,118888.1155770782,0.0,335.2561202479233,112,2,666.3724260319075,34,0,BR001,Transfer,0,0
1338,55,39121.32834768809,9743.237113995021,1204.0359408070924,175,2,656.6041056542557,21,0,BR003,Withdrawal,1,0
1339,30,41317.81222827833,19071.67160740077,364.31817619639173,54,3,783.22489476046,30,0,BR002,Transfer,0,0
1340,48,39485.40216375307,24188.96907097104,5.992250275014894,46,2,660.5311922898289,0,2,BR004,Deposit,0,0
1341,64,58489.79473762853,9796.98127885083,174.08777439711903,4,3,718.4743217214686,3,1,BR002,Transfer,1,0
1342,53,89186.30254001393,16425.019488087215,61.755268239247215,171,2,709.8905628461447,18,2,BR002,Deposit,0,0
1343,62,42301.83924447675,0.0,1034.1579024946377,62,5,624.0471936563048,29,0,BR001,Bill Payment,0,0
1344,41,89493.93113076665,8103.645116414184,43.931506390220854,124,2,766.6264998749425,0,1,BR002,Bill Payment,1,0
1345,69,65772.78673841021,7892.738578800628,196.21752107686262,128,2,738.2196625575268,18,0,BR002,Withdrawal,0,0
1346,73,40602.07274935968,25420.51482802845,102.52462829826685,112,5,559.9596571690705,20,0,BR003,Transfer,0,0
1347,32,26469.86095550716,15536.401148292764,750.2007800835228,85,1,718.419477786614,21,1,BR004,Withdrawal,0,0
1348,46,31393.449136194824,16448.298805925464,147.5953187063702,4,3,644.8918596083365,1,0,BR001,Bill Payment,0,0
1349,25,50351.22501885367,15980.954798990935,1926.0347961960401,65,4,775.7952714488839,5,1,BR004,Transfer,0,0
1350,22,61278.67413364695,12408.984590989992,15.752798398160245,62,5,597.8220114253469,20,0,BR004,Transfer,0,0
1351,46,94613.38548806994,25791.28797764217,54.91332202724397,90,1,674.0466121959319,32,1,BR004,Withdrawal,0,0
1352,64,82579.94066814125,0.0,101.77050531484394,120,2,724.3417185691926,18,0,BR001,Withdrawal,0,0
1353,21,46543.29245423335,13315.893678438762,666.6277922540961,130,1,702.8038205899313,26,0,BR002,Transfer,0,0
1354,29,73990.6362341877,22168.22566475607,843.1930658480633,137,5,752.407077969978,36,1,BR004,Transfer,0,0
1355,62,101334.01792222928,0.0,29.65301447545576,45,2,592.7104609793498,28,1,BR001,Transfer,0,0
1356,19,106226.18326266078,19541.26068395072,13.199463112738123,146,1,814.6340035807165,27,1,BR002,Withdrawal,1,0
1357,44,58083.06774582088,5149.53082861215,545.9021707205574,112,4,735.760126115179,33,0,BR004,Deposit,0,0
1358,48,86082.34545351003,12988.34335957837,57.24895605078664,176,3,794.1802749100627,0,1,BR003,Bill Payment,0,0
1359,68,95579.01807153212,4976.765571491159,57.08586901249066,42,3,760.1968118463269,24,0,BR001,Bill Payment,0,0
1360,68,31844.417690075483,20632.365088941202,9.04818353656771,41,5,698.187291988147,20,0,BR004,Withdrawal,1,0
1361,53,53727.04408248667,9404.743068987904,20.436432284560116,89,2,609.1061252362188,33,0,BR001,Transfer,0,0
1362,53,113840.4121573118,19612.171707214904,122.43372177968135,42,2,659.551277312591,25,0,BR003,Bill Payment,1,0
1363,43,58377.205577340115,15917.96852637907,26.885848295313973,35,3,810.2694333003805,35,1,BR001,Bill Payment,0,0
1364,60,18000.0,4855.867643470452,184.10312837773407,166,1,795.9806447159467,34,0,BR002,Bill Payment,0,0
1365,44,62338.840171492106,16516.732713559726,715.3661018864813,67,2,655.6280013927417,22,0,BR004,Bill Payment,1,0
1366,22,89741.76098054896,6027.87847788541,158.00017608983984,41,4,501.71869996584746,16,0,BR001,Transfer,0,0
1367,37,65143.22960961972,12577.152844559763,520.537480830443,99,4,684.1117185986417,11,0,BR001,Withdrawal,0,0
1368,28,80738.00682961394,9240.6507465918,39.44664052419584,50,2,678.8607978309618,19,1,BR004,Transfer,1,0
1369,27,85640.8839484261,20099.206797498962,430.78946551485774,104,2,681.5159171571731,38,0,BR003,Transfer,0,0
1370,57,57191.37606848979,16862.90043663676,152.35613264696613,86,3,735.9977441281981,26,0,BR003,Bill Payment,0,0
1371,55,53573.35429888373,11723.506062557319,554.1225456551352,79,5,760.3348805525164,36,1,BR004,Bill Payment,0,0
1372,23,68375.70147099398,5828.594005599051,58.58969426457996,45,3,768.3209682969667,19,0,BR004,Transfer,0,0
1373,25,68911.13630445738,579.076591523537,912.6559054322033,147,5,730.1996398094757,10,1,BR002,Transfer,1,0
1374,40,66189.69003663337,13220.90777361628,111.13346592387397,106,4,572.9460508654155,27,0,BR001,Transfer,0,0
1375,64,67093.44349901422,6309.381961634171,174.24879191079924,145,5,675.1160187114693,1,1,BR001,Deposit,0,0
1376,43,48531.985038343766,0.0,1199.741214789812,122,3,860.2862848484433,23,1,BR003,Bill Payment,0,0
1377,63,81506.31202178086,29.743131033745158,345.55746049744937,77,2,725.1951714361735,15,1,BR002,Withdrawal,0,0
1378,60,78183.10283648525,26632.877749875453,182.13840371269788,56,5,724.7473697910706,11,0,BR001,Withdrawal,1,0
1379,29,35607.81593401992,6060.212535094992,1195.1226818743435,112,3,724.16401578417,15,2,BR002,Withdrawal,0,0
1380,43,56438.42902410872,21739.46499759361,159.6406096246755,93,4,728.0765735754193,35,2,BR004,Deposit,0,0
1381,30,67047.75719586783,8790.152455215473,39.8709946252487,41,5,532.1821473239854,1,0,BR001,Deposit,0,0
1382,57,53245.11394992416,23156.198716447325,2303.9999311816587,170,4,682.2332978162252,24,0,BR004,Withdrawal,0,0
1383,35,79022.18350693147,22504.476157269404,124.70517211977227,6,4,696.3475017743717,28,0,BR003,Withdrawal,0,0
1384,42,63528.58415394297,4568.741157894083,762.2164001262379,98,1,788.7046779477389,27,0,BR003,Withdrawal,0,0
1385,50,68719.59564801412,0.0,72.38856896935683,73,5,702.3371026235607,9,0,BR004,Transfer,0,0
1386,64,56184.39523537239,0.0,525.744258449687,168,3,583.7442029378641,22,0,BR003,Bill Payment,0,0
1387,57,21149.18588496648,4722.046464398638,297.31279069346635,41,5,729.1062409320226,31,0,BR004,Deposit,1,0
1388,60,19892.336925626107,29006.709830017873,1583.3641475474083,9,5,642.7322746230078,30,0,BR004,Deposit,0,0
1389,29,77971.4100272246,8304.941325697147,321.9268959179813,8,4,613.8250051243008,18,0,BR004,Transfer,1,0
1390,61,70872.06568276667,13307.19555066109,10.133339402367673,172,4,640.6088667298393,14,1,BR003,Deposit,0,0
1391,53,74650.56853972386,23730.03179583051,370.413203269198,104,4,736.9752960765161,32,0,BR003,Withdrawal,0,0
1392,65,67958.4025253841,12992.892268005193,62.8096011714522,13,4,787.1132867832048,16,0,BR003,Deposit,0,0
1393,21,69720.48287421731,12683.019346686973,640.8675886890687,19,3,732.805096162431,35,0,BR004,Transfer,1,0
1394,22,86318.51421961334,17603.96874550632,776.7582374426789,98,2,743.2416256531915,19,0,BR002,Bill Payment,1,0
1395,73,74781.62619283107,14600.727799589884,263.1842364941493,96,1,732.1131690986601,8,0,BR003,Withdrawal,1,0
1396,54,87900.00570673449,11104.796054968636,611.5515943832424,49,4,706.0929023802328,37,1,BR002,Deposit,0,0
1397,25,68772.16050698514,5506.95591122302,62.71333344654253,100,4,747.785144447393,2,1,BR003,Withdrawal,0,0
1398,59,58391.60170856504,12706.400017789107,270.97110150093295,82,1,529.6857173051405,1,0,BR001,Bill Payment,0,0
1399,66,69272.46296743742,21849.598173748265,200.31332987369947,158,4,706.7761845913383,17,2,BR001,Deposit,0,0
1400,45,46604.086607279474,28038.041282988488,377.99686936645094,66,2,625.8552475764424,22,1,BR001,Withdrawal,1,0
1401,48,56643.367563938,14630.489774120191,18.198656806416253,91,5,780.4031800780897,18,1,BR002,Transfer,0,0
1402,26,68906.56879008081,18796.450215863755,557.9287884180267,59,1,688.6991286348198,6,1,BR003,Transfer,0,0
1403,71,68615.00330182226,14427.576364465307,32.97425281291484,53,3,701.1663661787481,34,0,BR004,Bill Payment,1,0
1404,68,62658.78463993425,11214.035720367576,427.39410094356714,52,1,593.6449688022337,19,1,BR002,Bill Payment,0,0
1405,46,34459.936376167454,16628.31370751416,7.451874204868044,81,2,770.1781622308996,19,0,BR003,Bill Payment,0,0
1406,31,79001.01002125572,22703.99550881236,713.2500937149191,159,3,742.9129684191666,18,0,BR001,Deposit,1,0
1407,57,83353.02494519009,4022.7434758276922,76.8031497331712,15,5,737.9863517638353,15,2,BR002,Bill Payment,0,0
1408,58,101161.19089554925,0.0,289.8530552492282,121,4,642.0884003481824,37,1,BR003,Deposit,0,0
1409,39,74719.07192495209,7202.925753271805,121.24982720872966,148,1,644.8452108543308,20,0,BR004,Withdrawal,0,0
1410,28,65032.160352212624,13904.957489697334,512.9859777663705,5,3,714.6519618112134,28,0,BR002,Transfer,0,0
1411,40,42713.3507885767,19828.844558591085,155.06054775359453,135,1,650.3851112826364,37,1,BR004,Withdrawal,1,0
1412,18,97824.39312594323,3094.4295763006066,515.8256303673699,18,5,729.4425073874137,23,0,BR002,Transfer,1,0
1413,63,70452.32549122852,0.0,134.11704888384443,56,1,547.7361178063295,36,0,BR001,Bill Payment,1,0
1414,54,69254.20982416005,7414.9620899608535,558.4943917565935,75,3,664.8718810515385,28,1,BR001,Withdrawal,0,0
1415,38,59410.763640065255,10254.771969075875,12.433450168301643,96,2,824.7727425798544,30,2,BR001,Withdrawal,0,0
1416,43,58004.66953843304,1539.5386492970574,133.24550086897065,114,3,729.7640079597036,38,1,BR004,Bill Payment,0,0
1417,63,80141.86814911863,5195.181640644193,276.1671685037166,101,1,710.6755565171695,11,2,BR001,Withdrawal,0,0
1418,53,42528.30630151098,19805.550690782977,18.442531956979156,173,5,837.965857496995,29,1,BR004,Deposit,0,0
1419,71,100759.50090149316,12703.080626364892,82.33470331662394,28,4,535.4832466838996,3,1,BR004,Transfer,0,0
1420,40,95965.58206584418,15110.59906748386,1090.5079603998727,50,4,641.9282219648325,29,3,BR004,Bill Payment,0,0
1421,74,57210.64596892404,8798.859915505072,1506.0324157975128,2,5,670.9178779776828,4,0,BR001,Deposit,1,0
1422,18,45994.97955079307,5213.006301375067,538.4449477348671,68,1,759.0845863103773,15,0,BR003,Deposit,0,0
1423,71,20665.468256180888,8733.915935182704,116.24791365075757,128,5,760.2959454259766,26,1,BR004,Bill Payment,0,0
1424,72,37468.89480534701,16489.921747617227,120.72183518511537,77,1,638.3795303712162,3,0,BR003,Withdrawal,0,0
1425,68,81058.05284342324,0.0,415.1465326067358,24,3,768.8568025499785,7,1,BR004,Transfer,1,0
1426,57,71937.52089581438,26851.5323384881,50.04375061785626,112,2,670.7679662874805,7,1,BR001,Deposit,1,0
1427,32,75860.37843673394,17173.726461141625,1184.9915814355393,176,1,783.8147737954416,16,2,BR001,Withdrawal,1,0
1428,38,24397.248022868444,7177.079061383564,101.86034351161881,173,4,626.715011131456,2,0,BR001,Bill Payment,0,0
1429,64,56292.056357741385,19320.664060978506,3166.9312673836066,119,4,690.3681880653687,26,0,BR002,Bill Payment,0,0
1430,26,95080.00173820581,23001.14160365797,273.86038657084384,36,2,664.6882879236408,33,1,BR001,Transfer,0,0
1431,70,62887.397082974225,9026.957553578055,590.3650886691623,2,1,772.9221260096,20,0,BR003,Bill Payment,1,0
1432,26,37009.515838272324,10050.736892114448,5.0,127,2,662.4053148403681,23,1,BR004,Transfer,1,0
1433,27,62544.74872145617,25441.267921257044,878.3772166475165,105,3,696.0286029691771,28,2,BR003,Bill Payment,0,0
1434,69,48037.61679596451,31070.776322262886,125.8854183651646,18,2,734.4767978364134,38,1,BR002,Bill Payment,0,0
1435,74,72340.93931879873,12264.920918112968,440.97191989768373,177,3,737.1680938118284,5,1,BR003,Deposit,1,0
1436,70,65451.99833552973,1576.0708761992319,656.692057270712,8,4,761.086682523122,13,0,BR004,Withdrawal,0,0
1437,43,76952.52660981039,7764.580605678974,71.7213618686054,15,3,713.7787343791267,13,0,BR004,Deposit,1,0
1438,58,38205.68021116752,21297.141700222808,233.72391306442154,145,1,669.7225759304118,36,1,BR001,Transfer,0,0
1439,52,55128.23548936783,2728.0623358758494,272.357773713829,23,1,674.5210878248874,23,1,BR002,Deposit,0,0
1440,69,88989.5555107804,10125.45120216883,149.6560390430491,93,1,700.7970620645328,12,0,BR002,Bill Payment,1,0
1441,42,35205.83880241941,14633.263932884667,262.92351064143077,155,1,716.4714733252068,0,1,BR003,Bill Payment,0,0
1442,43,42931.53564712047,3695.5678223309933,152.8238607297079,165,5,688.6979846506094,11,1,BR001,Withdrawal,0,0
1443,28,69384.5408198254,21867.91105688469,178.9824549328222,49,3,700.3442394675883,23,0,BR001,Transfer,0,0
1444,55,71308.05645984341,18245.707636839372,442.6551777466642,64,1,592.7922297599526,36,1,BR001,Bill Payment,0,0
1445,19,54245.303459659066,30085.91318572763,400.5143135383294,34,2,745.7148699118275,19,4,BR004,Withdrawal,0,0
1446,24,58874.4765819453,19033.14806271995,105.72464113499097,18,2,711.67786022226,5,1,BR002,Withdrawal,1,0
1447,35,76730.96235422412,3351.9932799056533,911.0902066949077,64,5,769.1309289478762,11,0,BR003,Bill Payment,0,0
1448,44,83691.97003871709,16773.32154818272,794.4928323260071,106,3,699.0112355184959,20,0,BR003,Bill Payment,1,0
1449,51,41477.123363625295,20892.195061642706,284.5923331902935,74,3,577.3121695034749,2,0,BR003,Transfer,0,0
1450,44,73015.0294538149,21355.309327128118,227.13532001688162,102,3,673.9087667485328,26,1,BR001,Withdrawal,0,0
1451,34,98264.35200012589,5008.420668983374,189.19104797998065,172,5,685.0049053817108,35,0,BR002,Withdrawal,0,0
1452,60,62450.374650055084,3932.960678800723,491.39899458443307,17,3,751.003231380352,16,0,BR002,Withdrawal,0,0
1453,61,41243.538616652586,1743.2659280188964,445.48962810602796,141,3,554.0808518840623,14,0,BR004,Transfer,0,0
1454,68,40225.97800580124,26442.587947249798,87.35226821300037,52,1,701.8825661864255,38,1,BR004,Withdrawal,0,0
1455,71,61463.776291138995,17605.909414578346,445.2362762477243,170,3,734.9572651055314,3,0,BR004,Deposit,0,0
1456,41,87788.6407070876,4609.032382121603,116.37157197177126,64,1,652.6958480302936,16,0,BR003,Deposit,1,0
1457,42,64103.37130337433,13144.700448814085,7.493081249291506,34,1,704.2239606871793,37,0,BR003,Withdrawal,0,0
1458,24,69163.10355793042,10886.814179390785,480.5354142074547,95,3,655.1074443595109,10,1,BR002,Deposit,0,0
1459,69,43080.482992176316,3246.766779308855,414.0225027744351,87,2,647.9298946745727,11,0,BR004,Deposit,0,0
1460,23,86628.58792548405,12325.655495609428,211.60212590895532,102,4,670.4106104908078,31,0,BR003,Transfer,0,0
1461,70,39795.5114343622,13716.257589483952,298.3543388986225,161,2,649.2515605273093,26,0,BR004,Withdrawal,0,0
1462,41,53901.077346024074,29381.277851867093,1176.2643072052194,140,3,746.8532818355433,26,1,BR004,Transfer,1,0
1463,50,78858.12696501847,6098.812268103542,361.7450431639064,76,3,647.5533686215235,39,2,BR002,Withdrawal,0,0
1464,66,20132.5070369615,0.0,429.04209165264336,19,2,635.796299506645,28,2,BR002,Bill Payment,0,0
1465,46,68827.14529308557,2559.4163817962053,26.418025766654168,137,3,822.7550066787674,8,0,BR003,Deposit,0,0
1466,60,42140.38153938082,3966.17318911,72.60609390763953,74,1,766.2518008276825,2,1,BR002,Transfer,0,0
1467,39,65364.08677600049,8157.655415703943,143.2145059958436,145,5,568.694064753856,38,0,BR004,Transfer,1,0
1468,43,57254.776630337394,2581.466437855719,310.072156145353,50,3,645.4662197103227,28,2,BR002,Bill Payment,1,0
1469,45,111328.36615766675,19399.098052370457,599.500256435359,39,3,715.9724080205898,20,2,BR004,Bill Payment,1,0
1470,67,56351.33383760206,1955.7051329146816,154.9955872408595,169,2,721.6628547062045,34,0,BR004,Deposit,0,0
1471,38,105538.33020343354,12180.161714693073,176.26022616618704,138,1,594.6654993984175,9,0,BR003,Deposit,1,0
1472,66,77912.95040603424,30001.72965169957,118.3668269476689,12,2,780.0995844975625,22,2,BR003,Withdrawal,1,0
1473,24,47367.90264394598,16982.114445872616,117.53872313577271,79,2,756.7657093427138,38,1,BR003,Withdrawal,0,0
1474,34,72277.84035571465,16056.813105411235,1189.3054060834284,15,3,732.7331142428237,24,1,BR004,Bill Payment,1,0
1475,37,58302.98558056814,28715.845806706442,403.6445029572916,28,1,793.9709943498485,23,0,BR002,Deposit,0,0
1476,58,70327.46479630715,23210.846078132756,67.79431248302366,132,3,730.6602994799642,19,1,BR003,Deposit,0,0
1477,66,49294.398276468135,17086.11930617343,512.4114924267586,36,3,730.4006615476293,14,0,BR003,Bill Payment,0,0
1478,37,102183.90793361107,9203.458350499779,512.0840893743001,119,3,808.0375490275569,20,1,BR002,Bill Payment,0,0
1479,71,85358.75799752794,11795.80012689186,439.20922018566307,65,3,776.0853706509396,11,1,BR002,Transfer,0,0
1480,39,65699.194499555,11358.265191004142,57.88105575878099,98,5,640.0944778761929,17,0,BR003,Bill Payment,0,0
1481,45,103040.52489752974,8387.170071851024,209.69370326820246,47,4,743.3236625070341,22,0,BR004,Transfer,0,0
1482,57,66634.14336982268,13908.32860694632,45.15834765567126,81,1,652.5012494528993,28,0,BR004,Withdrawal,1,0
1483,66,89147.74922694563,15156.729273428904,678.4790101031656,39,5,734.2908185665194,35,0,BR003,Bill Payment,0,0
1484,24,65842.61292549333,798.3437955759691,425.8839808834809,38,4,732.362945491387,4,1,BR002,Bill Payment,0,0
1485,18,73665.52708583273,26688.382499660685,283.06394214631837,44,4,602.157288128081,38,1,BR004,Bill Payment,1,0
1486,49,63208.34681925885,15688.177617659534,168.03792683699183,179,4,690.4708072082275,25,0,BR002,Transfer,0,0
1487,30,67096.62978522661,9634.953342444442,81.45867972385189,97,5,717.5679916506282,38,0,BR001,Bill Payment,0,0
1488,47,68751.70092853598,13990.583808565118,45.020115132008364,124,1,668.459686630409,10,1,BR002,Bill Payment,0,0
1489,40,50265.89968525534,20373.320020427404,1392.6239541656971,26,2,721.0296959673532,10,0,BR002,Deposit,1,0
1490,68,56176.48932769207,0.0,89.08178007130176,164,4,755.4128443900748,17,1,BR001,Deposit,0,0
1491,73,60231.38963730422,11054.453461677787,24.696814713415733,97,2,696.8584855038471,11,0,BR004,Deposit,0,0
1492,36,70053.64236965052,1327.2980262390047,1304.5752767510592,1,2,714.7219633695781,15,0,BR004,Bill Payment,1,0
1493,49,64327.26157092372,35913.03438878058,318.4723766251033,53,3,795.8396854989182,26,1,BR004,Deposit,0,0
1494,47,90806.71574416556,13243.674429917533,637.1439069479517,6,2,732.1237608257659,35,1,BR003,Withdrawal,1,0
1495,46,83636.6030175521,1400.2891716044414,17.900986484899274,37,3,713.0577002772131,16,1,BR001,Deposit,1,0
1496,66,60680.793767441806,44395.20102627653,334.7570073335452,2,1,631.9344434251047,20,1,BR002,Bill Payment,0,0
1497,62,95399.24574394267,7175.8327909764985,203.1386688460056,123,1,745.9718207972194,36,1,BR001,Deposit,0,0
1498,46,106206.45371866005,10118.280737314133,591.301468999732,69,3,722.1104964574357,30,1,BR001,Deposit,0,0
1499,47,20035.821511713424,10768.815840131736,15.673354125837868,169,1,788.8617603590985,34,0,BR001,Deposit,0,0
1500,33,85510.38187145814,4368.42249087868,205.45888599301017,179,4,702.2814980312318,26,1,BR001,Withdrawal,0,0
1501,57,49754.34765870702,14226.168157465287,641.9262834905569,175,1,571.8613449906203,22,0,BR001,Withdrawal,0,0
1502,36,82616.45646911259,0.0,295.84172963211864,13,3,579.9915391820217,31,1,BR001,Transfer,0,0
1503,35,92241.2346942215,21773.085445895624,319.437516412733,69,4,750.4976534631813,16,0,BR003,Bill Payment,1,0
1504,18,45706.162920767856,1849.7561633650148,40.88604570091594,66,2,659.0864481611293,10,0,BR001,Withdrawal,1,0
1505,31,24248.803821653266,8262.106299207193,56.77778475087922,59,2,729.5737425777348,0,2,BR001,Withdrawal,1,0
1506,68,83379.54994074903,18763.677063175463,452.04069359298967,68,2,706.9962851151649,27,1,BR004,Withdrawal,0,0
1507,64,67978.85461463945,10159.85083524496,449.6294240570189,59,3,687.3212232614255,17,0,BR001,Bill Payment,0,0
1508,67,28294.347414142183,10528.070276121362,1547.2674150461553,117,2,692.2547100088244,19,0,BR001,Transfer,1,0
1509,19,120650.41912018208,2891.3030154320622,497.85263051368514,10,1,638.4227346468341,6,0,BR004,Bill Payment,1,0
1510,71,78737.22706964414,30860.833957234052,271.88986354797265,141,2,697.8955617770231,36,1,BR004,Deposit,0,0
1511,45,79742.20088275336,16783.34143985931,778.882301088907,130,5,658.0854597043921,15,0,BR004,Transfer,1,0
1512,66,95047.99055636507,2254.9354655774987,44.137156537334825,15,5,672.9420435912007,38,1,BR002,Deposit,0,0
1513,67,52221.87303737696,13603.642014520661,238.62299761216397,46,2,676.3445668703587,22,1,BR001,Withdrawal,1,0
1514,47,67869.99046595089,1618.7880481382108,135.37076041287855,138,2,683.1314711070896,31,1,BR001,Bill Payment,0,0
1515,55,35974.91789684522,27501.728645905045,44.210783029241476,150,5,763.552141955496,16,0,BR001,Deposit,0,0
1516,68,51625.134159725945,13796.741646376913,576.7263543897081,89,2,689.9146419556714,18,1,BR004,Transfer,1,0
1517,21,73484.52001032323,3220.081248836401,285.9870337665836,77,4,770.6591635613069,33,1,BR003,Deposit,0,0
1518,18,28363.737323086054,18278.31662061525,325.465427276376,136,5,806.6498465928537,13,0,BR001,Deposit,0,0
1519,25,51001.629995082214,9497.31895156518,211.90497817104892,149,3,758.8461255739305,2,0,BR004,Withdrawal,1,0
1520,46,44585.45288137015,405.94210029767237,246.72433499001917,150,5,736.4127974547957,38,1,BR004,Deposit,0,0
1521,72,68126.02940364758,15429.417005101888,49.32715409164195,110,1,721.8782546638464,24,1,BR004,Deposit,0,0
1522,56,77643.42775663767,15175.576507241043,447.0175351124883,97,4,759.5751096335049,10,0,BR002,Withdrawal,0,0
1523,20,81327.36169628205,22239.602693106583,226.56871020938576,45,3,705.2552517017367,14,0,BR004,Transfer,0,0
1524,49,86973.96618511932,12580.532012260179,678.7999359349745,91,2,767.9198892170039,18,0,BR003,Withdrawal,1,0
1525,27,95186.57062459216,12963.542582626958,87.40531509105267,168,1,741.9874063702779,14,2,BR002,Deposit,0,0
1526,27,78359.39998103493,13441.197328906655,91.79298665082426,114,1,673.8111677453728,14,0,BR004,Bill Payment,0,0
1527,36,106521.38977567715,26357.546950563265,415.1117679669353,150,4,761.7095616071964,37,0,BR003,Withdrawal,0,0
1528,63,67629.05546782301,9209.338290533364,748.3299626675284,158,3,705.4036004184298,14,2,BR003,Withdrawal,0,0
1529,51,61186.93460648795,16225.094719251581,255.61350393757976,73,1,691.5707594671379,8,1,BR001,Deposit,0,0
1530,50,78360.76199392088,17550.709068140506,519.2458076291546,173,3,665.6660587720709,4,0,BR004,Bill Payment,0,0
1531,40,60238.954150163045,15147.988673076838,2923.246271177844,35,3,710.6213193512201,18,1,BR004,Transfer,1,0
1532,72,105756.4240330511,8868.858545463863,1852.8373426558435,42,1,768.7523830789089,23,1,BR001,Bill Payment,0,0
1533,45,89881.63640897466,13085.436065767532,545.5577972758362,133,3,761.2258003915126,28,0,BR003,Withdrawal,0,0
1534,49,81506.11917238931,11157.080147104341,538.1937948150253,27,4,723.737565822127,4,0,BR004,Bill Payment,0,0
1535,67,67891.22556890972,29632.89324100623,113.8049137895521,32,1,740.9750548507525,21,0,BR001,Transfer,0,0
1536,24,56035.50222887302,7880.1259311182475,717.199210073825,136,4,788.018775406579,12,0,BR001,Bill Payment,0,0
1537,46,80429.15010049072,3786.7932637299455,207.74621210587944,103,4,688.5023596180397,28,0,BR003,Bill Payment,1,0
1538,25,40203.8560593669,11944.184777102319,1308.0035461738075,85,3,620.9205997528856,15,0,BR003,Bill Payment,0,0
1539,18,98755.99773570246,11309.716223141946,33.97385993360603,146,3,790.0790896525001,35,0,BR004,Withdrawal,0,0
1540,74,61091.99248152178,13771.591681517668,228.96721344680552,78,1,661.9155223578497,16,1,BR004,Deposit,1,0
1541,72,71712.34813129604,7882.980580188015,324.62860763797624,143,2,650.6763313659267,19,1,BR002,Deposit,0,0
1542,20,44988.77632374765,12993.36131939589,207.78257632889225,154,1,573.2661571265814,13,0,BR003,Bill Payment,0,0
1543,41,80905.69778862287,13166.463350740902,94.58230197869064,44,4,738.9898137215007,5,0,BR002,Withdrawal,0,0
1544,40,55017.68451755677,20153.907204240044,359.5655243399379,32,3,585.4983162813445,21,0,BR002,Withdrawal,0,0
1545,25,79283.03338671217,12837.057453382367,564.1002779172735,28,4,646.4818834615784,39,0,BR001,Withdrawal,0,0
1546,71,81662.65631750257,12922.2752756843,414.0731734939253,167,5,740.1765756160542,8,0,BR001,Deposit,1,0
1547,74,50752.093501052106,16647.117417376652,106.86369819487808,160,5,749.534487668586,31,2,BR004,Withdrawal,0,0
1548,64,40282.359339892115,19808.895568633656,526.1225893244833,77,4,653.3807096247236,23,1,BR003,Bill Payment,1,0
1549,54,98701.79816397998,3146.9179113607897,118.7686805546968,18,2,689.6092671105316,32,1,BR003,Deposit,1,0
1550,20,60769.421251360196,729.1149611986075,77.04688445133996,103,2,637.9183831515693,12,1,BR002,Withdrawal,0,0
1551,68,69946.67395300404,27259.3166644543,469.3360780512167,70,1,660.6122248532172,34,0,BR002,Bill Payment,0,0
1552,50,75680.21954222833,18336.67894135342,740.0621082748953,119,1,717.6350682107035,5,0,BR004,Deposit,1,0
1553,45,37418.59714223915,10025.520273035374,262.7565338498044,139,1,663.8847324842479,39,0,BR001,Withdrawal,0,0
1554,64,75178.65501003753,12177.31742969818,303.19529579445026,160,3,681.9049471877031,29,2,BR003,Transfer,0,0
1555,25,67180.78379540202,8466.94476003156,144.2431072145356,148,2,596.4705322867703,37,0,BR003,Bill Payment,0,0
1556,51,50842.32465050339,13901.52651997397,272.9762919658801,97,4,778.3069315364296,15,1,BR003,Transfer,0,0
1557,52,39556.20833356996,3253.465295357808,56.61759078812425,168,5,734.7046615219746,0,0,BR003,Deposit,1,0
1558,49,78329.48205505994,19561.502865809336,1247.891294963087,136,2,754.5033760286042,17,1,BR001,Withdrawal,0,0
1559,41,89809.66418028735,13579.080587656515,644.497123425035,35,2,789.3297727231803,21,0,BR004,Bill Payment,1,0
1560,31,68928.99138264166,13904.64386430016,441.01566850225504,69,2,641.2350987117999,25,0,BR004,Bill Payment,1,0
1561,49,33441.76247930689,3954.5185558933017,309.04447774345044,126,1,673.9123861880383,13,1,BR001,Bill Payment,0,0
1562,73,41738.67802215593,16718.40387095372,628.4122740051082,99,3,566.3615942692452,36,0,BR004,Transfer,0,0
1563,63,55493.27839487082,4161.2552116856305,273.08650060844474,78,4,900.0,13,2,BR004,Withdrawal,1,0
1564,60,99421.6343055365,5770.642260820927,142.6550682273758,149,1,688.5290279277837,25,1,BR002,Withdrawal,0,0
1565,33,59571.48543382474,12788.597310975762,69.91960178919796,111,3,771.7109529940439,35,1,BR001,Withdrawal,0,0
1566,21,54691.4836984396,34565.98709654086,417.1789965293028,152,2,612.3287198965179,22,0,BR004,Transfer,0,0
1567,69,28183.334407125476,13543.195200193284,1060.435944567974,17,3,768.7471897950106,1,0,BR002,Deposit,0,0
1568,54,50552.93461757756,0.0,66.71405544410716,146,1,829.0313613654766,38,0,BR001,Transfer,0,0
1569,71,37875.400212201734,6217.487549753246,79.38917805019912,140,2,694.7803475680413,6,0,BR001,Deposit,0,0
1570,38,42930.0437196984,18153.562009985166,227.3861555461849,144,1,628.2382952387279,38,0,BR003,Transfer,0,0
1571,31,67638.91496349234,1843.851495142886,657.8174850594402,4,4,689.2842519338125,21,0,BR002,Withdrawal,1,0
1572,48,56174.3874765541,19479.92197031094,139.21223937165792,162,2,543.1266932529942,27,0,BR002,Withdrawal,0,0
1573,72,102388.8779587696,13429.385172885268,117.16518505101693,92,3,696.3479309284711,37,0,BR002,Withdrawal,0,0
1574,65,88716.0741995645,20921.94473331698,386.9981294076629,174,1,756.4676997519097,19,2,BR001,Transfer,1,0
1575,35,51604.55336817255,6970.3130167410245,306.81634388522997,75,5,696.496964893854,17,0,BR003,Bill Payment,0,0
1576,24,44830.00748170867,6268.944765605557,24.84394458481842,159,3,679.1102311717723,23,0,BR001,Transfer,0,0
1577,27,95418.12258461224,17084.8664245606,34.00098494644302,153,3,735.9297681278423,32,0,BR004,Deposit,0,0
1578,24,101520.93476863662,11932.244625250565,412.0223427697897,103,2,741.2817392864687,25,0,BR004,Transfer,0,0
1579,50,18000.0,11387.794693923532,250.28783408851928,24,3,582.8066106246372,18,1,BR004,Deposit,1,0
1580,40,67042.86772737744,26120.728820541568,1415.8693044785318,65,1,705.2176073595152,12,2,BR003,Transfer,0,0
1581,38,59458.677226272004,17437.268343556065,453.94217625502023,117,5,869.5189586960471,9,0,BR001,Bill Payment,1,0
1582,36,79280.64308131862,0.0,5.0,153,4,605.5488628046384,13,0,BR002,Bill Payment,0,0
1583,65,107738.69873155309,19191.61310264749,262.3550324230232,156,5,693.0206817016854,8,0,BR004,Withdrawal,0,0
1584,36,54350.74557478844,18290.719203736095,214.08007038475066,164,1,834.9222285436192,10,0,BR004,Bill Payment,0,0
1585,53,19664.632677393893,22664.201585010887,45.1393295568178,82,2,776.2922609580573,2,3,BR001,Transfer,0,0
1586,46,77738.1694032838,3542.7142238384185,1026.6662783465836,6,1,663.0622323456757,39,0,BR002,Bill Payment,0,0
1587,35,95579.20950929246,14923.252426891106,653.9254664424194,66,3,713.4294765735823,11,0,BR003,Withdrawal,0,0
1588,19,58317.28480656496,13004.670191188632,104.59053589414368,67,2,698.8521824010624,34,0,BR004,Transfer,0,0
1589,18,49489.17543692746,3381.31337268222,118.27535308531598,72,4,646.6349736974832,38,0,BR004,Deposit,0,0
1590,64,55380.293081690616,20520.899111159226,13.0167368011502,95,4,693.8023524754842,38,1,BR004,Transfer,0,0
1591,22,83704.51807688717,9826.086006215557,140.7986199294668,48,1,679.4023707035429,31,2,BR002,Withdrawal,0,0
1592,37,55001.859291730434,22374.59152127101,351.42654056098735,70,3,706.8924256653725,38,1,BR004,Bill Payment,0,0
1593,28,72232.7266075426,5314.270934392715,218.4729406420703,78,4,646.6131773516277,13,0,BR002,Bill Payment,0,0
1594,59,65611.66414627868,0.0,1392.8171929831028,67,5,609.6367259828737,0,1,BR004,Transfer,1,0
1595,19,63341.648526699144,9816.904361719698,23.08561660416882,176,2,696.110345862534,26,2,BR004,Deposit,0,0
1596,20,80428.43118854912,14087.218643062026,358.0369638593037,65,5,819.0582752725146,36,1,BR002,Deposit,0,0
1597,40,54471.24220298772,7192.236655029793,781.643903080864,172,4,704.7542048383957,0,0,BR002,Deposit,0,0
1598,72,55527.09567598986,0.0,262.14092600061696,63,4,675.7884354747919,28,0,BR003,Deposit,0,0
1599,29,82547.26269999458,15452.84230426893,5.0,46,1,751.7860063526949,23,0,BR001,Transfer,0,0
1600,37,43287.642868289644,15410.826214698232,111.25193616082711,147,1,687.9176271183235,16,0,BR004,Bill Payment,0,0
1601,22,45635.1558019088,18184.505506868696,156.48820374104474,73,2,829.7623047471377,34,1,BR004,Deposit,1,0
1602,54,37273.08559044094,8575.568080043004,1352.4931370775446,71,1,698.7261243493446,30,2,BR001,Transfer,0,0
1603,55,83678.24009208418,8084.534408562835,971.1381739374552,110,3,748.0347944210714,31,0,BR001,Transfer,0,0
1604,47,62684.78670221211,24962.89595521342,1191.7113939071469,178,2,646.1776932324709,18,0,BR001,Transfer,0,0
1605,26,36100.46678626054,0.0,698.925107110443,63,3,734.2162477335663,30,0,BR004,Deposit,0,0
1606,51,83783.7883707995,9775.93985699124,173.32844405727977,41,1,718.2565433860627,38,0,BR004,Deposit,1,0
1607,70,52778.07244534042,13280.716615186251,945.2586806271951,7,2,695.0445712738555,19,0,BR004,Transfer,0,0
1608,61,45823.08226558853,17454.19647012817,1600.003162900436,137,4,663.8769567181196,27,1,BR002,Transfer,1,0
1609,52,60695.07170470706,13527.904641638868,172.35705332136104,4,5,654.3378884043337,2,2,BR003,Transfer,1,0
1610,69,97531.91940829362,3702.0662538459674,120.74267221693896,89,4,718.7646864785756,31,0,BR003,Bill Payment,1,0
1611,39,56310.83167707545,22508.52553218769,316.6713545697534,177,3,743.0257376787531,21,2,BR001,Bill Payment,1,0
1612,61,77657.45501054286,12017.166710492167,82.88455429074982,134,4,690.0986042594108,14,0,BR001,Withdrawal,0,0
1613,41,80995.76044992098,0.0,13.267302615969717,82,4,719.1087550384555,37,0,BR004,Withdrawal,0,0
1614,34,74752.01255614094,13882.589856960549,1166.2598595265133,21,5,696.3459725307061,18,0,BR003,Deposit,0,0
1615,27,92963.57629283376,16277.491840993174,1040.0765387408028,143,5,705.8968217433771,30,0,BR003,Bill Payment,0,0
1616,47,49443.447898089864,29646.695580583033,71.00709525741958,128,4,684.9688512125942,25,0,BR002,Withdrawal,0,0
1617,73,42046.63345289261,15678.762139832628,209.52398730090985,105,5,700.2580805557816,4,1,BR004,Transfer,0,0
1618,63,41614.73356745011,0.0,711.2285834332989,104,4,887.8628319772199,19,0,BR004,Transfer,0,0
1619,40,61821.69486340455,0.0,432.702421231807,68,2,720.8144009165197,1,0,BR003,Deposit,0,0
1620,49,44164.973527508366,23328.385123784406,200.8702632419877,160,4,744.170787090173,20,1,BR003,Deposit,0,0
1621,34,68245.90006103723,4774.772879857746,545.2984061724504,110,1,729.6616523729668,35,1,BR002,Withdrawal,0,0
1622,67,66693.74523394766,0.0,909.3945905328944,157,5,680.6028223692058,27,0,BR002,Transfer,0,0
1623,68,87408.6126700929,21004.597809825893,1042.3328318787248,66,5,789.5792449304167,19,0,BR004,Deposit,0,0
1624,34,71405.17478119288,7718.377690067964,190.47282221981857,162,3,678.6185360701561,36,1,BR002,Deposit,0,0
1625,31,55844.65917104814,20523.12567743647,76.25151301289331,27,3,772.8538184259786,38,1,BR003,Bill Payment,0,0
1626,26,74038.68249751902,3767.524452035297,975.9986675506027,60,1,675.6055101353486,35,1,BR004,Withdrawal,0,0
1627,57,42335.7315622453,25264.311002992923,38.84912483087026,118,5,631.8019236599172,10,1,BR003,Deposit,0,0
1628,19,64160.90486346502,19848.573362399482,511.605559264955,167,5,724.5777345765335,2,0,BR004,Withdrawal,0,0
1629,62,72026.82713910278,5495.831700587877,60.56053203716429,44,3,621.6732150728525,36,0,BR004,Transfer,0,0
1630,42,67844.98715930278,0.0,197.31666814544926,36,3,736.4948157511626,19,1,BR003,Withdrawal,0,0
1631,56,74131.43208859165,32746.474728787274,212.1092333073062,19,4,615.4088940736078,31,0,BR004,Deposit,0,0
1632,26,50830.98765431859,10108.130682061683,69.15032272752967,91,5,676.6694378669002,24,0,BR004,Bill Payment,1,0
1633,71,90344.69086180936,5135.4151763185455,1023.9284684802375,45,5,598.7789212432681,20,0,BR002,Withdrawal,1,0
1634,39,105087.71688670554,24476.77441946549,5.0,149,4,896.6916906581911,15,0,BR003,Withdrawal,0,0
1635,60,29741.124813110924,20511.838680711964,897.0046472044723,151,5,583.222830826858,0,0,BR003,Transfer,1,0
1636,63,38256.84408900654,22645.16888981322,861.0779279601496,155,1,699.6869618277483,22,0,BR002,Bill Payment,0,0
1637,21,65947.82617653649,11113.42550234042,152.4828820632584,98,3,779.031299203101,23,0,BR004,Withdrawal,1,0
1638,43,59355.878427836775,28929.492212912617,487.3426629294986,19,3,771.5470136010917,24,1,BR001,Bill Payment,0,0
1639,46,106721.07292700121,204.43637503774517,116.57372735775924,41,3,758.5939485521196,6,0,BR001,Deposit,0,0
1640,62,69835.25511533815,7031.5543059823085,568.8076843626593,26,2,676.7940128244967,37,0,BR003,Bill Payment,0,0
1641,51,95635.99558197106,15508.908801433952,329.4114653797509,28,1,793.5762262435901,38,1,BR002,Deposit,1,0
1642,40,19919.2744980208,22513.00209813402,142.79882932539343,64,1,762.9373763561528,34,0,BR004,Transfer,1,0
1643,54,82911.72863331175,17950.431184723468,204.48678255574885,68,4,713.8609732362333,13,0,BR002,Transfer,1,0
1644,28,49258.62997631694,11254.20837737888,468.32964705562813,80,2,715.8406530408614,8,2,BR004,Transfer,1,0
1645,23,48906.06346836754,7723.669194844686,946.1990931174626,51,5,677.7254146669239,2,0,BR003,Deposit,1,0
1646,35,59536.123418933275,22561.59772523419,56.03899708729784,102,1,635.3243581916873,37,0,BR003,Withdrawal,0,0
1647,38,33659.15992591597,18879.564119493276,338.8588537233266,176,2,785.6005682835101,19,0,BR001,Deposit,1,0
1648,59,74741.28155708076,4129.285865780422,117.06669649579347,10,2,790.8545595521073,32,1,BR002,Bill Payment,0,0
1649,53,69195.7292677695,3861.575417432756,646.5291233633774,167,1,637.1123601279055,31,1,BR003,Bill Payment,1,0
1650,58,70856.22946011995,7090.606610044362,29.130357198887808,100,4,688.2350384397665,35,1,BR002,Deposit,0,0
1651,55,84514.68248692394,5936.143209425627,467.1280892461379,122,2,688.960374847875,25,0,BR003,Transfer,0,0
1652,51,98325.20501627139,21268.56821291821,76.92258273526336,147,3,696.7140867381783,4,1,BR004,Transfer,1,0
1653,34,56998.35692007396,15921.590899962159,362.9179449291515,64,2,703.5006415011308,29,1,BR004,Bill Payment,1,0
1654,54,75501.71407420242,17020.085163627882,722.4064549776613,124,5,765.2803023152326,16,0,BR001,Bill Payment,1,0
1655,42,71445.74058336955,13725.026731170985,562.7305423185019,19,1,646.694788405928,5,1,BR003,Withdrawal,0,0
1656,55,73307.51913923667,14148.93643803619,559.254298051765,76,5,639.7557105941138,14,0,BR001,Withdrawal,1,0
1657,29,73637.14861825164,0.0,291.79611493817816,62,4,785.5633819500083,0,1,BR001,Withdrawal,1,0
1658,40,99991.07358042646,19147.652919162916,885.6304386475238,141,3,666.6148680683091,12,0,BR003,Bill Payment,0,0
1659,70,54887.10889323554,6928.666674677015,354.79491911004374,25,1,610.5875252496054,33,2,BR003,Withdrawal,1,0
1660,59,31433.81012951899,11701.602002550064,998.069923985741,89,2,665.0409040530091,29,1,BR004,Bill Payment,1,0
1661,39,49646.77709045048,7741.443700781992,316.32381271323,92,3,675.89630853292,18,1,BR001,Bill Payment,0,0
1662,38,81659.87253777891,13312.844086365081,282.06002149522146,42,2,807.8473909408035,1,1,BR004,Deposit,0,0
1663,44,65513.2491902379,17157.84534519596,100.59304399150946,117,4,763.7378348663716,11,2,BR002,Withdrawal,1,0
1664,74,54712.81450911009,2920.304707290039,314.7956310741978,39,1,779.326443164257,39,0,BR002,Deposit,0,0
1665,48,41317.06009498788,14274.74301819602,60.60126296004016,158,4,756.398154964275,23,1,BR001,Deposit,0,0
1666,23,69868.29467807172,7958.97679121529,815.1362385175617,133,4,765.237057013072,10,0,BR001,Withdrawal,0,0
1667,44,79179.1380560238,23893.12898288403,450.67125680851365,81,4,650.8342511393778,1,0,BR003,Bill Payment,1,0
1668,57,71729.18521211261,1968.3713731833486,2022.8046047274333,146,4,685.0978491252561,0,1,BR003,Bill Payment,1,0
1669,51,59426.732714591184,2977.353573923514,38.6472821866394,107,2,629.7059280883516,27,0,BR001,Bill Payment,0,0
1670,29,68226.10825454417,8763.868037668708,110.12897395399249,111,5,684.2658378624077,3,1,BR001,Withdrawal,0,0
1671,62,68098.54526426314,3669.2065648754524,838.7444885056768,21,2,746.8873493654319,29,0,BR002,Bill Payment,0,0
1672,74,69173.33248678857,9980.57088311779,201.17876351755385,50,3,708.4208299368573,6,0,BR004,Deposit,1,0
1673,70,38945.29107757936,7249.030444958582,251.17079920894545,121,4,790.8036573272207,21,1,BR002,Transfer,1,0
1674,24,69341.17971352731,12795.711399316313,788.3120277479686,134,3,619.1008945440947,25,2,BR002,Withdrawal,1,0
1675,27,55306.87769374372,21072.648250417387,295.10991703106026,50,2,734.0166845488768,28,1,BR004,Transfer,1,0
1676,62,87893.60933221469,12641.51645115847,86.00857477429048,115,4,611.6188038691478,24,1,BR001,Deposit,1,0
1677,34,67924.21011850603,13461.191047348297,890.3611748518642,1,2,705.5923528421549,9,1,BR001,Transfer,0,0
1678,43,83380.54288010363,2484.0965746911006,12.621719214126239,30,4,750.8233395789536,19,0,BR002,Deposit,0,0
1679,38,58360.80948490545,10793.464015663832,903.0304183211415,107,2,683.9848203223047,13,1,BR002,Transfer,1,0
1680,45,59154.29557254791,8204.209755515423,20.73642056101877,165,1,737.5788622860869,32,1,BR004,Transfer,0,0
1681,63,97873.5274176393,18134.768672764367,438.46535339441004,48,5,631.8187365616947,4,0,BR003,Bill Payment,0,0
1682,19,74599.37414514118,5118.897151175723,29.751243930575853,87,5,582.5417015262532,5,1,BR003,Transfer,0,0
1683,71,49280.680287073745,4254.099667398899,489.9600864945804,129,4,737.9920735741462,21,1,BR001,Deposit,0,0
1684,60,84733.43764965044,14856.862774326139,13.82470285966935,19,1,821.0807163853012,16,0,BR003,Deposit,0,0
1685,18,53267.29586458684,29820.92748935645,739.2245844964045,46,3,629.2768541881076,14,1,BR001,Deposit,0,0
1686,68,69965.35903185351,10416.46238422803,250.90179388986806,130,1,784.5535926074757,38,0,BR001,Withdrawal,0,0
1687,70,105406.84187890691,13513.875656074488,39.24536364744644,56,4,702.0396386171487,39,1,BR001,Deposit,0,0
1688,53,33511.7874719628,20532.196635193068,490.78665244865914,145,1,605.5015934814846,27,0,BR004,Withdrawal,0,0
1689,68,61132.7977211362,16589.135087537452,268.7814691818219,92,3,619.7946289053486,1,2,BR002,Deposit,0,0
1690,43,73981.97609984467,16648.315323439776,84.75725947493348,82,4,700.1049341352455,17,0,BR003,Withdrawal,0,0
1691,46,81823.36336262283,11143.267932737956,6.318593592575512,79,5,670.6876398453128,26,1,BR004,Transfer,0,0
1692,38,37692.8540380608,11318.383354995654,216.51273643714498,150,1,607.0960916269232,20,0,BR003,Transfer,0,0
1693,28,31212.614091349606,5203.663160461241,35.80765365037672,105,5,580.4172503142216,22,1,BR004,Deposit,1,0
1694,57,88996.48574378938,16377.359288712443,39.56131815662527,27,5,639.7296470451446,6,1,BR003,Withdrawal,0,0
1695,28,49150.87315031557,16171.989869987785,124.42370667200784,55,2,712.5666305831783,18,2,BR003,Bill Payment,0,0
1696,53,48229.78482405907,18454.480749244227,398.196672915863,160,3,698.5519473177803,8,0,BR002,Bill Payment,0,0
1697,66,99105.49280098767,7607.059765019891,301.9329631246206,60,1,663.9133429749945,11,1,BR003,Bill Payment,1,0
1698,56,66533.45092410009,19471.20959440745,28.592947769112463,109,5,713.1321036004038,29,1,BR004,Transfer,0,0
1699,57,66677.24100899464,22200.01309333143,1382.235356776525,156,5,771.8018703903881,6,1,BR003,Transfer,1,0
1700,52,61044.41220666629,1074.3769355136556,872.7445569588784,156,3,726.5888557303904,1,0,BR002,Withdrawal,0,0
1701,71,38072.394531650265,9328.146785783345,120.02360045424061,120,5,690.5083930027293,16,0,BR003,Deposit,0,0
1702,51,79865.33288667654,22575.212237647545,52.197752617199434,153,5,763.9650404662482,10,1,BR004,Transfer,1,0
1703,72,74007.91148236372,6153.998701324031,1141.7129791526195,85,5,631.8104788448593,11,1,BR003,Deposit,0,0
1704,64,68711.20915746751,16758.86274465006,247.32111256543993,86,5,683.2556322311253,2,0,BR002,Bill Payment,1,0
1705,41,62440.89313592233,12077.18401802188,149.10254658647332,117,2,684.9238445079742,20,1,BR002,Bill Payment,0,0
1706,71,58568.967714557686,14977.913892811577,269.6187318150774,154,2,612.4132719090009,13,0,BR002,Deposit,0,0
1707,39,85074.63457004313,12351.506724229903,592.671511873623,108,4,669.6088086400949,14,0,BR002,Withdrawal,0,0
1708,22,61891.55260946591,18715.538861078443,73.75441773851668,75,1,553.7528223373288,9,2,BR001,Bill Payment,1,0
1709,73,63590.65715225444,2806.3457772250968,583.538853490087,119,3,832.8524633364068,35,0,BR002,Withdrawal,0,0
1710,50,76657.64940744301,3780.09080289942,553.6335830392698,145,4,633.3810348094581,9,0,BR003,Bill Payment,0,0
1711,53,69575.1404749685,25180.62195240171,310.0451385686447,7,2,810.0279891994918,16,1,BR003,Transfer,1,0
1712,64,101130.07326588964,30903.269519867863,803.4956885853969,148,2,701.6659154003645,24,1,BR003,Bill Payment,0,0
1713,37,26249.930895587306,11951.225052362739,56.691504075685806,166,2,738.5404892509171,26,1,BR003,Withdrawal,0,0
1714,36,71597.96364407979,27437.39437936539,362.02065774540233,75,4,664.7840141154348,32,1,BR001,Transfer,1,0
1715,52,49476.67282961228,5054.028176878295,238.65730541871727,58,2,713.5550784373172,10,0,BR001,Bill Payment,1,0
1716,69,44274.09623539155,7215.727048626386,219.47476943567622,16,4,744.5342747991905,12,1,BR001,Transfer,0,0
1717,60,54944.58746702435,25117.38760570834,116.44107109999857,179,2,745.5186690075927,0,0,BR003,Transfer,0,0
1718,34,66202.94698659875,19236.958757610228,186.2642100347863,27,5,753.234137305205,30,1,BR004,Bill Payment,0,0
1719,62,67179.51967031501,26457.843881390323,45.7832678723593,51,5,673.2167102972577,32,0,BR004,Deposit,1,0
1720,60,31619.26325507315,16217.001921531044,115.92652319981542,75,1,665.3748229256051,20,0,BR003,Deposit,1,0
1721,51,53096.15574708797,2887.085311371524,126.96252122309713,144,2,587.4076572312678,15,0,BR002,Withdrawal,0,0
1722,26,71186.8741324821,14012.19621752409,510.1415063842876,87,1,735.6253307823856,38,1,BR002,Withdrawal,0,0
1723,43,45707.5300827596,22818.022846212094,19.907436496973542,123,4,774.766509792641,22,0,BR003,Bill Payment,0,0
1724,19,40474.75409623666,10805.38317618445,421.29381394827254,76,1,812.118717594255,9,0,BR002,Transfer,0,0
1725,70,18000.0,9422.09833344853,100.10822863777884,40,2,720.3620844206356,32,0,BR002,Transfer,0,0
1726,26,50409.744135742105,16354.680626677102,34.16281389027926,67,4,645.3464158964001,21,2,BR004,Deposit,0,0
1727,26,39708.157623082094,6964.443610093246,143.13090652027125,130,4,580.2032699697381,5,0,BR003,Deposit,1,0
1728,57,43353.47657157872,14659.504348021506,101.68492494372512,102,5,771.9166713158345,35,1,BR001,Transfer,0,0
1729,34,59019.95332784763,12571.51318204311,321.2137266712955,176,4,573.2606403255725,9,0,BR004,Transfer,0,0
1730,18,51803.76471605625,7586.269853264215,176.8784450155077,152,4,675.1577145579363,15,0,BR003,Withdrawal,1,0
1731,42,39342.766335095264,20826.635086806724,1352.4842897946303,93,1,683.2985220439448,12,0,BR003,Transfer,0,0
1732,60,18451.485564869006,17813.891450556963,1324.7211319756198,110,4,694.1381403504287,19,1,BR004,Transfer,1,0
1733,57,71650.84871324814,8816.964741420365,234.59000396567237,82,3,701.5061820025088,3,1,BR002,Bill Payment,0,0
1734,59,81562.1987037864,11865.348615539338,634.0688112985856,78,5,708.6703289457303,19,0,BR002,Transfer,1,0
1735,42,56271.61046212378,9558.519601369468,5.342941776712808,2,5,529.9245716545029,21,3,BR004,Deposit,0,0
1736,56,59152.934678005906,6252.171246813427,317.46253522116046,65,4,700.0259136909089,28,1,BR003,Deposit,0,0
1737,52,65061.83134509471,0.0,543.937586700394,20,1,542.9297098121685,15,0,BR001,Withdrawal,1,0
1738,20,99733.23868546954,7645.550300795349,97.8200306246677,34,5,750.2552651163696,22,1,BR003,Withdrawal,1,0
1739,67,30510.428535833038,6383.752515159395,25.249091741699996,41,5,660.1412390937471,29,1,BR001,Bill Payment,0,0
1740,54,55881.226030803475,13034.01637051823,67.80269659769878,169,3,548.0074292343654,29,0,BR001,Withdrawal,0,0
1741,61,27116.59478908017,15966.289213754211,233.24964337787466,23,4,642.0056725830237,2,0,BR003,Transfer,0,0
1742,61,72971.0060921823,4780.3379717740345,282.38876338587585,38,5,659.0947262570743,23,1,BR003,Transfer,0,0
1743,68,61832.915336663755,15361.476255543048,191.78577490501218,172,5,782.3489732288504,36,0,BR003,Bill Payment,0,0
1744,47,69465.82648459371,3393.7879541999264,231.90866071317438,67,5,712.7646419225172,12,0,BR001,Deposit,1,0
1745,55,68368.69637700368,10872.367359253903,254.12867629954096,62,5,723.1111461045406,31,0,BR002,Transfer,0,0
1746,51,86795.58158147735,6578.228094052501,586.8918669249607,140,1,781.685514395442,36,1,BR001,Transfer,1,0
1747,29,76838.92522050625,18715.562742711394,44.48074976819049,30,2,692.2698998452857,11,0,BR001,Bill Payment,1,0
1748,36,83271.17506852193,13050.957899951383,586.0492654261252,87,3,751.7931572722682,7,1,BR001,Deposit,1,0
1749,54,41558.23682226723,11008.488667513988,466.70587975575444,169,1,746.8702779752394,23,1,BR004,Withdrawal,0,0
1750,61,91249.75902945318,6372.752158966035,541.3927462236121,148,3,608.9471354501411,15,1,BR002,Transfer,0,0
1751,66,49108.019731242006,9040.428224611149,530.4085485891832,118,5,802.108850434088,31,0,BR001,Deposit,0,0
1752,34,50372.87006227243,28461.54731093446,254.3982119696056,6,3,599.5788753950513,33,0,BR001,Bill Payment,0,0
1753,27,70958.53670176589,7490.242913497085,94.99851662991107,75,4,763.2156654634493,34,0,BR004,Bill Payment,0,0
1754,74,71642.20178708408,16314.66225836835,307.69081733587154,132,4,592.8048874166057,31,1,BR001,Deposit,0,0
1755,72,41419.150350885466,10986.183148010801,1267.8633827767405,93,2,741.0865751706172,16,1,BR002,Bill Payment,0,0
1756,66,61187.85558097427,16057.42783116634,355.20346801237184,10,2,829.3340414705121,1,2,BR001,Withdrawal,0,0
1757,64,97741.17697112847,19532.78285423915,5.0,51,3,684.0914940414852,25,0,BR002,Deposit,0,0
1758,29,32696.59564624991,8814.19356011031,24.627161198976292,93,1,681.0551050002798,16,1,BR002,Withdrawal,0,0
1759,33,97674.82330227998,18387.960838006107,1977.0094060618765,38,1,741.7307999521795,37,0,BR003,Bill Payment,0,0
1760,41,59682.63406883722,36809.755293052556,29.866298129093057,129,5,675.942248082622,1,3,BR004,Withdrawal,0,0
1761,36,18000.0,17107.859947725345,18.855578491031093,136,1,826.2795092619975,7,0,BR004,Withdrawal,0,0
1762,25,34931.90186337606,26522.233181398165,174.17859831419221,102,2,712.4534574621086,5,1,BR004,Withdrawal,0,0
1763,48,43803.494169825746,16329.414000959527,1393.6212594130666,81,1,676.5881344245493,8,0,BR003,Withdrawal,0,0
1764,38,51273.55538277967,3612.3454002224444,153.48642918372875,83,5,661.1800130473022,0,1,BR003,Deposit,0,0
1765,34,62696.308310242566,14481.245975276852,210.97454920681602,161,4,633.6936070878885,4,0,BR002,Bill Payment,0,0
1766,40,18000.0,9026.54583411062,402.13300699986416,143,1,655.0571509269757,38,1,BR004,Bill Payment,1,0
1767,54,69109.69663450838,6636.533724141837,9.762915443475267,31,1,674.4528624438982,8,0,BR003,Transfer,1,0
1768,71,41788.00881685255,11346.733106379428,912.1869121399938,21,2,664.8652648550994,13,0,BR003,Withdrawal,1,0
1769,33,95591.49657522328,10607.24929144123,293.1237870823569,131,3,652.9277308104027,26,0,BR003,Withdrawal,0,0
1770,23,59056.11214363256,2460.6758478642514,251.55165790313725,126,4,845.9188861246707,8,1,BR002,Transfer,0,0
1771,25,85742.61577812006,36376.15426247813,788.5267271422897,35,3,626.8933446457357,35,0,BR001,Transfer,0,0
1772,42,89427.67755811445,19270.83823024977,1223.6954269037744,169,5,709.2642811352322,28,0,BR003,Withdrawal,0,0
1773,35,88832.01135625677,14199.512212579033,220.2601016380236,144,5,740.476470683261,19,1,BR003,Bill Payment,0,0
1774,42,52539.051654825314,12808.921001258755,75.70998839789254,45,3,743.1075596908613,14,0,BR003,Transfer,0,0
1775,29,52257.596530130875,22821.137576597066,676.4962856036378,59,2,694.897504695227,35,0,BR004,Withdrawal,0,0
1776,32,60050.587415657064,30680.133260785442,206.50979088507472,178,2,682.1508199706883,2,1,BR004,Bill Payment,0,0
1777,43,78997.22225833636,18165.768348113168,1096.718537394158,12,2,730.6083243867655,22,0,BR003,Deposit,1,0
1778,58,53764.70406540842,13090.734343058886,1197.4855953129197,140,4,717.656515498474,8,0,BR002,Transfer,0,0
1779,62,62376.22558101455,25253.796647798554,48.789787254520654,33,5,680.872881566274,29,0,BR001,Transfer,1,0
1780,43,71019.0639594679,13281.233186422749,1254.4942957781393,177,5,589.6684999792899,18,3,BR004,Bill Payment,1,0
1781,64,45092.37762694694,15917.833286625912,183.71748258903676,21,5,666.2453394366727,37,2,BR001,Deposit,0,0
1782,49,43701.61765675941,21009.09828028654,415.66877884085784,60,4,618.7414885404779,2,0,BR003,Bill Payment,1,0
1783,27,61518.19460911221,8521.68775913166,14.147291405740509,52,5,652.2988314953571,2,1,BR004,Transfer,1,0
1784,33,64431.933928936116,0.0,878.8732179812778,167,3,701.3256266961872,33,0,BR001,Deposit,0,0
1785,24,74545.48056003614,8084.2779720298295,410.439258521758,177,1,724.1115300797632,1,0,BR003,Withdrawal,0,0
1786,34,79781.50464893423,18957.008364414476,412.62953331466747,123,4,823.6316925904684,26,0,BR004,Transfer,0,0
1787,40,40820.61794742373,18322.958079463606,929.8347874541312,106,1,661.3815534767331,22,0,BR003,Bill Payment,0,0
1788,43,47134.13149724158,24084.030984713416,283.9929806506119,100,3,753.2237944692605,31,0,BR004,Bill Payment,0,0
1789,38,43643.44967361176,8428.52069517439,211.40351493176848,154,2,720.4172017106486,34,0,BR001,Bill Payment,0,0
1790,39,96073.84283501128,26228.327186520874,804.3507115737268,71,2,789.7198369447852,39,2,BR001,Bill Payment,0,0
1791,24,62354.04701554422,13665.61047406765,542.570765900914,135,2,739.3360103716939,17,1,BR004,Bill Payment,0,0
1792,31,65354.84449539046,17439.718463073124,1190.1810410041262,62,4,628.4063000899579,26,0,BR002,Transfer,0,0
1793,32,66271.03600829728,20132.51482464875,1126.1777353371804,88,2,578.3867779496138,10,0,BR003,Deposit,0,0
1794,70,49255.259698211936,0.0,192.71789408627282,24,4,720.7883189767253,38,1,BR001,Bill Payment,0,0
1795,24,99413.92941681267,2955.925266357677,236.94899439177698,40,4,662.0084301469726,18,1,BR002,Bill Payment,0,0
1796,26,74042.58640601202,2657.1853463947864,118.27760838161763,76,1,630.3780377834582,24,1,BR004,Withdrawal,1,0
1797,68,65870.99165511488,21649.95466363937,432.2868142175894,175,2,610.2695606826845,6,1,BR001,Withdrawal,0,0
1798,65,40684.35873468754,9250.890494346946,181.36369326385545,136,5,710.2682848311009,30,0,BR001,Deposit,0,0
1799,25,39437.48518356262,30248.237759922464,616.899874336844,9,2,804.5395389519356,1,2,BR003,Transfer,1,0
1800,67,58204.0343046731,12030.383774030332,51.838861665487954,3,2,670.3929358005771,37,3,BR002,Transfer,0,0
1801,40,49600.180541419744,0.0,49.50161368082847,21,2,740.3189217752725,4,0,BR003,Deposit,1,0
1802,46,41516.224397975864,5948.242403653344,91.49133762095126,95,5,691.8413554847685,13,0,BR004,Deposit,0,0
1803,35,56838.92356942578,13056.387268973947,35.223179281674156,176,5,608.7432537627625,17,3,BR001,Deposit,1,0
1804,48,60238.58337793044,16636.70877774131,387.06688312872535,175,4,750.4367940457292,35,0,BR002,Bill Payment,0,0
1805,47,68119.27925012594,3136.460447258636,63.7637505008378,16,5,622.371556918084,3,1,BR003,Transfer,0,0
1806,69,53913.77162976621,17116.32694625644,69.72369689893515,107,4,700.5138641415496,23,1,BR002,Deposit,1,0
1807,56,42832.78471747931,19519.884813413613,5.73216615993742,93,1,675.0935709496287,12,0,BR004,Withdrawal,1,0
1808,52,43595.74050819257,6231.471604002026,609.4692850327174,133,4,761.5154204195984,20,1,BR001,Bill Payment,1,0
1809,35,91685.40004297614,29722.414908532326,669.1557281141621,139,2,624.929430527052,32,0,BR002,Bill Payment,0,0
1810,59,37461.33090004167,7206.0687898449905,70.70557147842834,157,3,726.3608935461372,19,2,BR004,Bill Payment,0,0
1811,56,72990.01056240794,3001.0973320601115,538.0984879035608,79,3,640.214181485591,4,1,BR004,Bill Payment,0,0
1812,34,76430.0192550367,0.0,227.34314168597768,70,2,663.222635136985,23,0,BR001,Deposit,0,0
1813,31,62331.93953161529,22985.766288229464,109.56157559680774,48,4,444.53598407219283,34,0,BR003,Bill Payment,0,0
1814,48,103892.23928491393,12205.945896113126,388.4937544733613,15,2,845.4469000132536,29,0,BR001,Withdrawal,0,0
1815,41,76037.81784660938,7686.426094820494,78.64158225083658,34,5,737.5389852978362,27,0,BR001,Withdrawal,0,0
1816,52,105543.86706270231,0.0,565.6859877858376,60,4,645.2856759843285,6,1,BR002,Deposit,0,0
1817,61,50676.591957872806,8496.741687897327,19.51446125062221,2,2,620.2741018166904,34,1,BR002,Bill Payment,0,0
1818,62,51053.200982344795,33433.008489085005,1278.952723353302,80,5,664.3045872984462,29,0,BR003,Withdrawal,0,0
1819,51,76605.81749096033,0.0,29.835652138881468,19,5,749.1815674373617,33,0,BR004,Transfer,0,0
1820,20,59247.75597897754,6315.07439070705,346.4752567237439,49,4,566.5540552090552,38,1,BR002,Bill Payment,0,0
1821,54,102084.63934762438,28135.055730379892,929.9089281755339,78,1,689.0890906493963,8,1,BR003,Deposit,1,0
1822,60,72517.40843988062,23240.757423625706,5.0,28,1,822.9449310723871,11,0,BR001,Transfer,0,0
1823,57,42019.36716315226,6864.368985468467,276.07220298703845,48,5,619.6237564822537,28,0,BR004,Bill Payment,0,0
1824,43,26790.039012031433,13832.355872417753,172.31745218959037,96,1,704.6269527134558,9,1,BR001,Transfer,0,0
1825,72,63278.75096844818,16166.436642249684,347.31672393589355,165,5,853.231687068043,26,0,BR004,Bill Payment,1,0
1826,40,63039.29115026886,13204.547236265407,102.1930401148571,177,1,743.2506140783541,18,1,BR002,Bill Payment,0,0
1827,61,71902.85031278453,28060.051886482583,26.84038657811767,109,5,707.8146674339819,12,0,BR001,Withdrawal,0,0
1828,56,91635.19262262987,15057.787849121578,393.32818069413185,176,5,734.4645518436301,36,0,BR001,Transfer,0,0
1829,32,88740.4926878664,22219.64661866734,215.72381268418462,73,5,670.9394265493208,31,0,BR004,Transfer,0,0
1830,73,52264.17728859848,13634.38892186054,389.65856118553,100,5,789.9741899712408,14,0,BR003,Deposit,1,0
1831,66,36535.97316030273,0.0,94.56201234302961,29,3,671.0468983969852,20,0,BR004,Deposit,0,0
1832,21,37849.33502980045,1268.285219791649,165.44403318885065,157,1,561.8572873884816,2,0,BR002,Transfer,0,0
1833,46,48790.362482929675,3136.099356245777,329.92368460260883,58,5,671.6087827241678,7,0,BR003,Withdrawal,0,0
1834,39,56931.90594314158,9756.427284515947,359.68769142354233,48,2,631.3285829086308,5,1,BR001,Withdrawal,1,0
1835,42,71711.36705723367,30705.72815112952,186.28660978586254,23,4,679.3164191461799,28,1,BR001,Bill Payment,0,0
1836,30,47378.71286828845,15261.703165879062,131.43118655687707,27,2,680.8641158643559,18,0,BR001,Deposit,0,0
1837,35,71168.62336449292,11047.907081417114,127.91719723057152,7,2,782.8196239863435,16,0,BR002,Deposit,0,0
1838,50,72964.88320889915,23147.021965400832,76.80301460523668,49,3,747.670490866507,9,1,BR001,Deposit,0,0
1839,33,68153.56541710957,0.0,157.4570849360469,109,1,717.4285841302777,32,0,BR001,Bill Payment,1,0
1840,62,40170.29406572071,7592.743468665852,88.97768686874787,68,3,698.7938212067183,12,0,BR003,Withdrawal,1,0
1841,59,75292.18795519108,6264.042114539633,401.84708726471695,170,1,624.8799393799404,26,0,BR002,Deposit,0,0
1842,61,110787.93183286791,15582.374035213243,336.7210597277016,172,5,546.3177333634026,11,0,BR001,Bill Payment,0,0
1843,19,70409.7301920839,20062.5266311857,192.88802593121414,154,3,706.9212007974949,1,0,BR003,Transfer,0,0
1844,72,18000.0,16243.369968245068,157.70920157091842,151,4,754.6248842501561,9,0,BR001,Withdrawal,0,0
1845,52,92299.35058503186,16385.848348970205,108.52102098576033,73,1,691.4166281728787,20,1,BR003,Transfer,1,0
1846,59,49539.5489126135,8750.017927038487,306.6815880374434,101,3,661.5601974049309,22,1,BR001,Deposit,0,0
1847,51,114845.67919090524,14886.838723045257,1004.8425616340817,8,4,731.5151515649949,0,1,BR002,Bill Payment,1,0
1848,47,67559.99593005113,4441.459162976489,462.9668174996987,53,2,693.1667459562957,32,0,BR004,Withdrawal,0,0
1849,72,27936.584732311836,18067.250415070197,545.679649914042,142,5,817.0020934381773,25,0,BR002,Deposit,0,0
1850,30,19576.655220907443,7494.572958030113,719.2185489568307,135,5,785.2909839447799,14,0,BR003,Withdrawal,0,0
1851,30,98874.29677886932,1906.4139572966342,173.32057139227908,137,2,766.165563991633,21,1,BR001,Bill Payment,1,0
1852,35,89329.90969018,12340.374922488765,25.975774299419346,3,3,752.0413879946933,24,0,BR002,Bill Payment,0,0
1853,49,113972.41548686719,0.0,389.7361971259945,78,2,608.688280988398,0,0,BR001,Deposit,1,0
1854,49,65240.33868261822,25269.330647964063,83.63329064728661,145,4,745.4095591436819,25,0,BR002,Withdrawal,0,0
1855,52,63756.34256564703,19173.89097220529,336.6993880396768,172,1,725.3428170352603,20,0,BR003,Bill Payment,1,0
1856,56,56580.18657251174,15032.728652230224,538.0766805251803,86,3,741.4497309873815,23,1,BR004,Withdrawal,1,0
1857,63,50517.614692297146,0.0,612.3214978647726,46,1,733.4826640769137,38,0,BR002,Withdrawal,0,0
1858,69,56366.54980192806,5698.2883523392675,143.72228641053783,90,2,730.6933811493645,15,1,BR001,Transfer,0,0
1859,46,69784.19331112865,12365.025913846668,287.33121563602634,156,5,888.0606528684716,31,4,BR001,Deposit,1,0
1860,66,46434.18268793376,9632.057060773133,388.05079355387886,142,1,693.6670031033657,15,1,BR001,Deposit,0,0
1861,46,28275.634368772364,0.0,684.7670807718973,9,1,764.5436166580531,12,2,BR003,Withdrawal,1,0
1862,70,68517.28594831191,152.13895017472896,573.1677058399451,115,5,666.0307132815198,31,0,BR003,Transfer,0,0
1863,61,45943.6968287445,9452.150427777795,1768.3176623405477,154,1,754.344910872137,23,1,BR004,Withdrawal,1,0
1864,74,18000.0,450.3954127455072,5.0,130,1,764.7523923162719,12,1,BR001,Deposit,0,0
1865,33,77156.48259445424,24342.485914949357,230.1381493123501,75,5,724.5098253994744,10,2,BR004,Deposit,1,0
1866,73,40622.70116142537,16450.845234652494,118.30961578121986,81,5,815.847285966355,14,0,BR001,Withdrawal,0,0
1867,61,79559.36800319617,4768.82301684872,51.084891150534574,128,2,637.1006774547708,9,0,BR002,Withdrawal,0,0
1868,64,79032.65834335159,22522.39345214142,969.9703766392983,34,2,664.8945340832245,2,2,BR002,Withdrawal,1,0
1869,74,71238.98025350232,20709.359298063206,2478.3275105397843,147,1,713.8666060216443,15,0,BR002,Deposit,0,0
1870,27,119929.99248784292,14600.625207482275,79.67131439495098,39,3,760.6564797438955,16,2,BR001,Withdrawal,0,0
1871,47,61962.8593006077,11643.723898824412,15.676576838040415,13,2,711.5600664906453,24,0,BR002,Withdrawal,1,0
1872,42,58715.92951503106,9313.735725931443,128.66349087863728,133,2,789.0031325557396,29,1,BR001,Bill Payment,0,0
1873,56,80040.79327117218,7140.551629965089,720.3893179400623,50,3,652.6817090323576,34,1,BR004,Deposit,0,0
1874,37,63780.15803349656,0.0,139.19374563514762,23,3,619.1595057358012,36,1,BR003,Withdrawal,0,0
1875,22,90530.8578226682,25754.958795881998,23.433810901573022,122,5,720.5689835575553,12,1,BR002,Transfer,0,0
1876,18,37086.270033338515,7315.38103105905,21.568037173395872,120,2,693.5973806720413,23,0,BR001,Deposit,0,0
1877,47,37452.16215578452,12253.805487410997,223.0430838485708,88,4,737.0004604250754,37,0,BR001,Withdrawal,1,0
1878,66,81847.80880917679,3807.76929329443,1074.2751825084322,157,4,697.0818396393447,25,1,BR004,Withdrawal,1,0
1879,20,39374.15933455073,9664.945350516033,134.70435862998943,112,1,675.198614656358,8,0,BR004,Bill Payment,0,0
1880,62,78400.16934173972,37656.99681482768,222.85791384285068,111,2,693.7543699793393,18,0,BR003,Bill Payment,0,0
1881,31,73140.06261662804,5466.018866292955,43.00460000569579,72,4,701.0194226355229,27,0,BR004,Deposit,0,0
1882,73,49721.25770739141,25037.361970873964,272.1498735292776,154,2,677.6513090106168,6,0,BR003,Bill Payment,0,0
1883,47,73077.74352513555,11749.750345614908,477.0115009156071,57,2,684.78075675736,21,0,BR003,Bill Payment,0,0
1884,67,37838.96619274673,18119.44617145181,126.51513000248164,1,4,670.7484664109163,29,1,BR004,Deposit,0,0
1885,21,43002.20162219859,23201.222298566267,140.79512601451563,156,2,758.9665583908585,36,2,BR003,Transfer,0,0
1886,35,59781.86975493455,14450.40645965398,738.0008765590135,113,3,712.5814703154059,15,1,BR002,Withdrawal,0,0
1887,54,66736.41201958885,8834.63559257739,5.0,62,1,856.9726730518137,35,0,BR003,Withdrawal,0,0
1888,42,58319.95218626713,10325.181195458044,404.75816141988855,47,5,710.2493185894923,4,0,BR001,Bill Payment,1,0
1889,65,74528.55120520844,10628.143665182959,200.27397585907386,78,4,660.4399770769937,28,0,BR001,Withdrawal,0,0
1890,18,73546.2611310624,28779.335012238716,141.74562560984504,106,5,885.9472762404146,22,0,BR001,Bill Payment,0,0
1891,70,98646.06978365919,0.0,428.7030486281417,159,1,727.9538464400034,5,0,BR004,Deposit,0,0
1892,63,62903.7223628099,0.0,719.9211445962075,126,3,768.3087350824972,35,1,BR001,Deposit,0,0
1893,32,91280.39548605084,0.0,326.93317266480614,177,3,740.4472088241744,32,1,BR004,Deposit,0,0
1894,26,85255.96128366565,3954.617097848193,12.635328369356943,5,3,742.6107720508425,15,0,BR001,Withdrawal,0,0
1895,32,115467.50023244925,18300.74769478526,247.51372382870466,31,3,736.4957835946732,33,0,BR003,Bill Payment,1,0
1896,66,62200.32356214996,18852.773631637778,248.5240987693398,37,4,621.8540804656755,25,0,BR004,Bill Payment,1,0
1897,74,55752.10812803426,6532.476227339633,313.92826788692736,79,4,724.7270333292988,36,0,BR001,Withdrawal,0,0
1898,41,92669.27288936212,11743.576251061444,444.62904607138273,143,2,606.2597087304832,12,1,BR003,Deposit,0,0
1899,21,73479.51657830777,1953.3122842094872,7.802976989013646,52,2,686.7946014511226,16,0,BR004,Transfer,0,0
1900,29,93196.5027692458,2788.029413342687,278.8722209916432,139,1,648.2067780405699,31,0,BR003,Bill Payment,0,0
1901,54,80769.573555769,17218.801551103905,354.99168873823277,43,2,724.0229130094107,31,1,BR003,Bill Payment,1,0
1902,54,18651.23398921109,21429.156549975574,168.2437136295666,151,1,722.3888373136764,27,0,BR003,Withdrawal,0,0
1903,60,73279.07909468602,7708.630580128716,441.48839827581935,40,1,732.6802123535631,28,0,BR004,Transfer,0,0
1904,23,71846.74975493277,26715.13608747723,103.60038359738304,63,1,719.1107600924361,24,1,BR004,Deposit,0,0
1905,56,67928.35185420718,20690.448139074986,152.7222846558076,130,3,656.5222260749521,21,1,BR002,Bill Payment,1,0
1906,73,62090.65280928557,26325.53267029996,1316.0987597908156,87,5,680.7297557453825,26,0,BR002,Withdrawal,0,0
1907,63,29972.842388524783,9291.557378145735,171.12746145961938,73,5,763.4277312878139,37,0,BR002,Transfer,0,0
1908,41,84231.8921792431,25686.17621069381,170.16564151410515,175,4,773.749967410608,19,2,BR002,Withdrawal,0,0
1909,28,73222.90541805688,31615.88375978198,362.2200831669914,104,1,618.7251830961416,23,0,BR004,Transfer,0,0
1910,30,89243.04734274333,8287.342199795827,1415.8436464601798,158,3,591.8350657241148,7,0,BR002,Withdrawal,0,0
1911,51,31147.378465944435,10612.478654687226,1631.7141126846825,16,2,648.1177431756702,13,0,BR001,Transfer,1,0
1912,42,76156.95876999591,3470.5334783424078,346.6746107706375,59,2,772.1645307422575,38,0,BR002,Bill Payment,0,0
1913,24,59837.49457397562,1702.064134552551,5.0,47,4,784.0418821128123,13,0,BR001,Transfer,1,0
1914,69,68163.33621836164,1807.0379286033458,923.668899371181,116,4,634.270168371918,4,1,BR001,Deposit,1,0
1915,21,60090.4880480204,4696.804813914368,337.80945178931165,158,1,720.5116547615437,20,0,BR003,Bill Payment,0,0
1916,25,76959.37440456286,14472.64181087014,182.2802637612513,109,1,827.4101933198061,14,0,BR003,Deposit,0,0
1917,37,61416.79133818525,5077.204145207837,706.8934198591515,9,2,728.0718034068234,35,0,BR003,Bill Payment,0,0
1918,46,41857.87164877484,14197.462991281813,204.21857133133577,65,2,798.5052299663165,32,0,BR002,Transfer,0,0
1919,71,66901.35921329621,14383.606360754571,13.85500740083144,59,2,768.9108599058169,16,1,BR004,Bill Payment,0,0
1920,70,60288.16018301899,7768.88045513059,688.3092141308463,102,2,635.2860905640463,19,1,BR001,Withdrawal,1,0
1921,68,63165.34033516456,11436.266058876254,315.7393758003458,136,5,685.7013003552046,0,0,BR004,Transfer,0,0
1922,62,18000.0,7248.788465823184,165.0826286668683,123,1,701.4328134804293,15,0,BR004,Withdrawal,1,0
1923,63,80017.99383851152,9203.342040511929,115.54904640242614,146,1,706.2893371614938,17,1,BR002,Withdrawal,0,0
1924,27,58077.40041837082,4720.233229822067,360.3613501355924,91,2,763.1430267407,9,0,BR004,Withdrawal,0,0
1925,60,35340.62137159816,12756.942208045348,93.3025800060013,96,3,727.6079333592786,22,0,BR004,Withdrawal,0,0
1926,51,85296.39737065912,6595.087210861502,156.5366580990166,58,2,493.46593393553195,17,1,BR003,Deposit,0,0
1927,74,79000.04601056447,1505.4071165598398,404.82374705672476,177,4,607.1011808835092,8,0,BR003,Transfer,1,0
1928,43,57798.955681953164,17340.859999636836,853.2869990754863,32,3,545.883335951677,29,0,BR001,Withdrawal,0,0
1929,58,39652.27365055959,17645.62081156917,304.4764824159847,48,4,711.2755668458734,12,0,BR001,Deposit,0,0
1930,66,68916.6761629462,22005.286820796966,569.359971877465,45,3,715.8341354627432,30,0,BR003,Bill Payment,1,0
1931,20,67708.3338609274,2780.423628562394,575.9803530509039,100,4,718.8257471027503,12,0,BR002,Withdrawal,0,0
1932,73,85335.3542258192,7671.654239601118,436.67924192029784,100,2,631.8750212599768,31,1,BR002,Withdrawal,1,0
1933,23,55237.81867306921,14074.458645807506,112.85941107866309,46,2,746.1900803583992,16,2,BR001,Deposit,1,0
1934,22,91288.28696702991,7481.641108689658,806.3271700266462,159,3,749.1383747527971,2,1,BR003,Bill Payment,1,0
1935,22,53114.43392661312,17138.207854270397,229.27595923833132,165,4,611.1395652956389,0,1,BR002,Bill Payment,0,0
1936,71,35391.70074006672,16481.395987355423,18.08713347173979,144,5,596.377325898579,4,1,BR004,Deposit,0,0
1937,64,40089.779379499814,16313.658205719596,112.20985660292166,174,3,698.9907819641144,31,1,BR001,Withdrawal,0,0
1938,40,63626.94613901646,25137.005099738377,580.2023652832327,126,3,824.4247591529352,24,1,BR001,Transfer,0,0
1939,66,63558.68080070789,17796.693670126046,28.655691924320408,46,1,817.981991953905,4,1,BR004,Deposit,1,0
1940,26,72212.94509651707,13385.020003332836,63.76920936687718,121,3,738.4383052313636,36,1,BR004,Transfer,1,0
1941,52,63011.77131539429,10258.180620631168,473.9646723080706,88,5,647.9002329893947,22,2,BR001,Withdrawal,0,0
1942,37,86501.00735341525,10885.223026408654,892.4809800308971,61,2,761.078986164201,11,1,BR004,Withdrawal,0,0
1943,66,59255.92983382332,2422.1086154393397,401.75599476376476,46,4,667.330301463367,33,2,BR002,Bill Payment,0,0
1944,59,21081.922172828847,0.0,100.56117199116868,179,1,645.2745074328333,22,0,BR001,Withdrawal,0,0
1945,52,62335.87285375253,16173.805149579573,21.95728051340043,163,4,548.9223217864604,15,0,BR002,Bill Payment,1,0
1946,67,20850.868869137412,23012.696438067593,381.93631384049377,81,2,706.1667538843357,4,1,BR001,Bill Payment,1,0
1947,35,70970.60158194935,9028.96569027537,19.423479115025653,170,3,654.9092855603838,27,1,BR002,Withdrawal,0,0
1948,34,88258.24597766815,26283.847431293376,379.4450526825566,45,5,705.7501265669953,5,1,BR003,Bill Payment,1,0
1949,41,43303.061301784575,10411.388102266767,102.25633792113062,118,1,538.0449612634056,12,0,BR002,Withdrawal,1,0
1950,20,96208.2471006207,0.0,940.1058118170255,47,5,710.8878670808581,29,1,BR004,Bill Payment,0,0
1951,49,83542.28738402549,20264.243283566426,257.8134173499934,158,5,528.821518521986,25,0,BR003,Bill Payment,0,0
1952,52,91542.5634191312,7686.405864856693,101.40936937104745,152,5,775.1558177287986,16,0,BR001,Withdrawal,0,0
1953,55,69170.40484156189,21079.008097680126,767.3246916627493,171,5,735.532386389456,8,0,BR002,Transfer,0,0
1954,30,43159.16613345995,502.25264461524057,117.230852362493,162,2,679.4934660002789,15,1,BR001,Deposit,0,0
1955,73,82177.93941191104,15708.39745932885,146.4587655699534,23,5,738.3903902057456,17,0,BR003,Withdrawal,0,0
1956,64,51258.78005109652,4795.850248101188,718.9771936707316,61,5,630.5348016135513,12,0,BR004,Bill Payment,0,0
1957,42,67593.45913427381,13812.643799061201,147.7258122395945,165,2,704.0662860930424,28,0,BR004,Deposit,0,0
1958,26,61230.27815832039,18899.460251178207,211.16414223224615,13,4,754.6341826922235,23,1,BR004,Transfer,0,0
1959,21,89743.3088495317,16809.60901164497,170.87922942795956,7,2,482.39975256360276,12,0,BR001,Withdrawal,1,0
1960,31,81067.19413031323,12624.310497270833,49.500466854249524,170,3,667.6942948225733,24,1,BR004,Bill Payment,0,0
1961,54,63227.552437127844,0.0,15.868983964873706,166,2,697.4149108904538,0,0,BR004,Bill Payment,1,0
1962,51,22064.641742116633,18573.097624965892,515.726119413424,172,4,685.2594467577964,8,0,BR001,Withdrawal,0,0
1963,28,51024.995736357574,21282.8739419604,414.40953149350975,141,3,800.9971278359184,3,2,BR001,Bill Payment,1,0
1964,58,80492.89036865717,2613.026782591118,132.71827333420484,28,3,620.326921255398,27,0,BR003,Deposit,0,0
1965,73,71162.42574302485,3935.7370712460015,140.16306405898158,96,1,655.5188529588339,11,1,BR004,Bill Payment,0,0
1966,20,31929.11744291705,21662.016222296203,1160.2108979560965,107,5,564.8891681584087,23,4,BR003,Deposit,0,0
1967,45,25255.06460568444,10124.025936876604,1758.324555201584,98,3,804.7200655891202,8,1,BR002,Deposit,0,0
1968,46,69301.20130346404,4168.979963349765,256.552125787678,112,3,681.759690017384,34,1,BR002,Withdrawal,0,0
1969,26,41744.74231025293,14452.989721673457,648.7089591231522,1,4,668.3113778374305,37,1,BR002,Bill Payment,0,0
1970,20,43862.47786157331,6253.280508410234,533.7630284757022,43,3,695.32621223825,34,1,BR002,Deposit,0,0
1971,42,79797.37003321838,13449.37918265383,141.1401692785629,42,4,743.5365079901227,32,0,BR001,Bill Payment,0,0
1972,51,91449.25316914482,8281.139962382867,24.13901605404714,95,5,723.3154382461287,34,2,BR003,Deposit,0,0
1973,29,48484.555405201434,9052.402619275099,61.51988323299092,178,1,884.3518949489961,19,0,BR003,Transfer,0,0
1974,59,64015.273232532185,21993.576454717066,728.7904523505493,129,1,730.7755121882642,1,0,BR001,Withdrawal,0,0
1975,26,63366.57334834407,0.0,525.5356341326049,51,5,666.4328199581644,25,2,BR002,Withdrawal,1,0
1976,32,61387.509696676636,16992.7567899172,436.65647072621414,144,5,659.7050283733237,12,0,BR003,Withdrawal,0,0
1977,57,65893.16647543857,20509.05700439844,56.003251651110475,167,2,671.5068733308234,29,0,BR004,Deposit,0,0
1978,42,81642.97641248343,6402.052729401103,408.58349248191405,15,3,593.8714152759113,31,1,BR001,Transfer,0,0
1979,22,50173.6643719489,20439.888189268357,591.6311975614225,125,3,701.790494524411,35,1,BR001,Deposit,0,0
1980,28,31443.894240646536,3368.7842984325853,788.1681334137159,161,3,753.8427674346242,18,2,BR004,Withdrawal,0,0
1981,51,102180.21853928274,6060.1480890273515,5.327836972511665,87,4,656.0645479563735,21,1,BR002,Deposit,1,0
1982,41,88967.28233878111,5023.496607680687,461.4070734892364,53,2,642.4833960601122,0,0,BR002,Withdrawal,1,0
1983,32,40719.966832513244,20561.62947242326,7.712948547214378,145,3,805.1161602405964,10,0,BR003,Bill Payment,0,0
1984,55,67983.90419307098,0.0,490.8595159400742,89,4,599.1461790365184,25,0,BR004,Deposit,0,0
1985,25,87235.44762089444,26761.325034230173,403.8246980821507,106,4,554.252713646589,18,0,BR003,Bill Payment,0,0
1986,22,81478.96677957286,9255.552904974997,64.23085013472046,6,1,618.2968639446832,18,1,BR002,Deposit,1,0
1987,65,75164.29281844427,17534.209387416202,581.1818415694864,31,4,591.1697098012993,11,0,BR003,Withdrawal,0,0
1988,43,61255.00838498164,16758.37129227358,28.318205904578086,40,5,726.0358244873207,2,0,BR004,Bill Payment,1,0
1989,35,103000.68635136307,13361.086093858672,700.3977652391392,158,4,673.7506849685299,17,0,BR004,Deposit,0,0
1990,23,69858.89519410812,6593.825446701962,121.48623391516374,69,5,683.6219068483313,4,0,BR004,Withdrawal,0,0
1991,54,53670.89629494481,23181.35306635069,466.99446128123697,135,5,779.7053923882341,23,0,BR002,Deposit,0,0
1992,65,84163.6660346031,7366.338608510061,1029.1770608707734,13,1,650.6065597186057,13,2,BR001,Bill Payment,1,0
1993,30,67113.29012293126,5418.76208051186,166.10135778861007,4,1,753.2562588221948,37,0,BR001,Deposit,0,0
1994,45,72695.54999957969,19899.392551711797,279.5808610946634,178,4,804.7925959442242,2,1,BR001,Deposit,0,0
1995,22,69469.28243500656,13311.74657583183,248.79080445927625,3,1,667.1036251390437,5,0,BR003,Bill Payment,1,0
1996,30,75929.06262287202,24220.394176045807,68.6055162199902,140,1,750.5915998889419,11,0,BR004,Withdrawal,0,0
1997,34,43473.96242521745,11435.996176900502,356.94376407566494,65,3,682.0727461229714,10,0,BR002,Deposit,1,0
1998,67,33075.65948225981,6142.121645738282,543.4746636707341,27,4,763.6868690188552,38,1,BR001,Deposit,1,0
1999,57,96550.91991113886,14472.691257215087,994.9630887795676,107,4,588.9957568696609,25,1,BR001,Transfer,0,0
2000,62,70490.86035936173,7971.4455952133685,760.9940114774732,50,4,583.8141428412257,0,2,BR003,Transfer,1,0
2001,49,81958.64010298873,6402.697398248651,285.35577564999033,17,1,671.6112599564722,15,1,BR003,Withdrawal,1,0
2002,46,26285.297156092223,19486.993742902865,507.7846638388315,32,1,636.775263365816,8,1,BR001,Bill Payment,0,0
2003,68,88467.02839171907,28483.99560547525,645.3450684411036,179,5,662.830362339908,4,1,BR004,Withdrawal,0,0
2004,20,53527.315802173114,9781.843872733585,272.08346907814297,17,2,683.6331392287002,7,1,BR004,Withdrawal,1,0
2005,73,47263.20033020103,3227.329323426624,49.06034806154228,34,2,749.4009472285376,20,0,BR003,Withdrawal,0,0
2006,57,63605.7903120963,10618.892850901631,230.45209627013224,35,2,670.4637595003845,32,1,BR003,Deposit,0,0
2007,51,43484.435368064456,16633.211069063313,739.2761561788947,152,3,641.3297082563839,38,0,BR004,Deposit,0,0
2008,57,64961.90263903665,14317.315756297234,363.17171990620506,146,1,674.394063626877,19,0,BR003,Withdrawal,0,0
2009,44,62000.556365681296,22748.085250245407,515.6066320660223,50,5,645.1598304135367,21,0,BR003,Withdrawal,1,0
2010,30,88328.70991514542,17985.808544481297,81.95843254600207,174,5,633.61961485561,12,0,BR004,Transfer,0,0
2011,62,98293.57904706833,2069.3147870108205,1333.4652333136557,176,2,586.0888230496122,38,1,BR004,Bill Payment,0,0
2012,50,97593.34744251483,7560.134844233024,207.05989505814793,103,3,703.8634681354755,10,1,BR002,Withdrawal,1,0
2013,23,18000.0,0.0,424.1054623254526,33,3,659.1906005382062,17,2,BR003,Transfer,0,0
2014,41,44426.32974344773,22302.11411067169,7.6210433252662195,89,2,766.639511746427,29,2,BR003,Withdrawal,0,0
2015,36,18000.0,0.0,54.47419883216034,155,2,597.6822735558742,32,0,BR002,Bill Payment,0,0
2016,33,38742.06996242932,450.009024399189,609.3669719429745,129,1,661.0541511466485,2,2,BR003,Withdrawal,0,0
2017,57,50710.59936011571,7393.777805953443,1376.42600169927,85,3,825.9035054461124,0,0,BR003,Bill Payment,1,0
2018,45,74032.35553499276,17075.256627943352,154.29755544754426,59,5,633.2273338031505,35,0,BR001,Deposit,0,0
2019,50,53561.46884116411,7305.119276649138,15.155825545866165,10,2,682.4426723532713,5,0,BR001,Bill Payment,0,0
2020,65,54174.45843912979,8712.935276569571,179.0568343190396,153,1,613.8909212022243,36,1,BR001,Withdrawal,0,0
2021,58,68998.8230303948,8890.249140545699,7.048999355896034,57,5,604.6100741053314,28,0,BR002,Transfer,0,0
2022,30,27395.187805428162,13555.043601224213,85.46202997959938,66,3,807.3117688161375,10,1,BR003,Deposit,1,0
2023,60,46550.950634794994,1015.3961825699844,558.4926531501729,119,2,710.9727644846004,12,0,BR002,Transfer,0,0
2024,62,53921.7542320178,3475.4065675675774,1106.4098729869147,112,2,708.3575186766336,10,0,BR002,Withdrawal,0,0
2025,42,60547.15625011043,27128.313289163016,36.604558852093305,15,1,580.2578635418645,37,0,BR003,Deposit,0,0
2026,70,66692.987784962,15621.591874773103,326.4883759070649,156,1,724.1118971675812,24,0,BR004,Transfer,1,0
2027,59,98014.29537412692,18847.03954667561,117.14798713540809,13,3,780.0195362195678,14,0,BR004,Withdrawal,1,0
2028,53,84983.39554378408,12522.256783096951,59.891779194184494,114,2,779.463394257997,12,0,BR003,Transfer,0,0
2029,44,48075.17946117744,10737.47776581534,98.86192624944239,118,1,745.7833260724312,32,2,BR004,Bill Payment,0,0
2030,55,59250.760692067706,16114.178514857524,344.8754684295096,142,2,619.9360095683218,12,1,BR001,Bill Payment,0,0
2031,24,57752.338983973284,18548.523153085196,26.941044741134935,114,3,720.9186392035094,37,0,BR003,Withdrawal,0,0
2032,22,53688.64463654364,19614.68107222547,227.8189950759315,34,2,745.7309472333625,23,2,BR002,Transfer,1,0
2033,60,70995.34816806002,10860.963961625937,58.11568730320909,101,5,573.3889490437768,19,0,BR001,Withdrawal,0,0
2034,62,24084.849834640016,20598.38900650489,127.35387221799695,25,2,620.510428596275,16,0,BR002,Transfer,1,0
2035,74,84375.71653614265,0.0,84.66109460245875,112,4,761.1710125220409,23,0,BR004,Deposit,0,0
2036,68,102258.11739573782,20030.583087526094,858.1487851805745,54,4,760.323204367035,25,2,BR003,Withdrawal,1,0
2037,48,59063.508105220026,8157.8463893057815,492.416112728198,12,3,590.5991876465025,39,1,BR001,Withdrawal,0,0
2038,40,58633.98264740777,16980.442016715275,811.3855588420888,126,3,754.651502148842,31,0,BR003,Transfer,0,0
2039,59,68454.97343859076,6156.05046873723,193.45466944024338,137,3,705.6712379407533,28,2,BR001,Withdrawal,1,0
2040,27,87426.49149312463,59.74922930000321,150.40914536678375,31,5,753.6706268225006,13,0,BR001,Deposit,1,0
2041,49,57865.53823002067,15057.336281850008,191.59333530380584,78,5,654.5835073596242,36,0,BR001,Transfer,0,0
2042,60,85546.7936542382,0.0,7.488948248989742,53,2,744.1628447536632,21,0,BR003,Transfer,0,0
2043,70,75746.88279397134,8402.903145995635,515.9637584032494,112,1,758.0680142139937,33,0,BR001,Transfer,0,0
2044,47,116955.45176810319,4688.132780062626,172.17316441444262,43,4,674.4065545181002,26,0,BR001,Deposit,0,0
2045,56,57769.43566642949,10424.707155358712,150.35697107067872,166,4,700.2426782321301,27,0,BR003,Deposit,0,0
2046,48,21527.99015014166,19174.88207637545,364.661664331187,42,4,653.6034859346743,21,1,BR002,Withdrawal,0,0
2047,35,33475.33934491869,7591.392430909581,229.25769262118484,124,2,814.6147264080115,2,0,BR004,Transfer,1,0
2048,53,65262.42122280346,14831.197926713505,1582.0425265839303,176,2,690.5809642471963,21,2,BR003,Deposit,0,0
2049,19,87613.40606845653,18654.11434404379,176.17982153938084,67,3,634.4582972375972,20,0,BR003,Bill Payment,0,0
2050,31,50644.79891074407,6534.704542855916,380.6592428310621,66,1,648.8921860287675,15,1,BR001,Withdrawal,1,0
2051,30,59919.48610274274,6665.218241528077,149.38377935375806,144,3,707.8739420799479,8,0,BR003,Deposit,0,0
2052,46,80066.54022129466,24323.960119801894,1866.6046848405163,83,2,751.7331820244748,12,0,BR003,Deposit,0,0
2053,29,43764.88278067393,11285.502241998836,235.5948991238701,94,5,605.4921208394635,9,0,BR004,Deposit,0,0
2054,56,51552.073217714,16582.24913818687,402.1895799144027,105,3,828.3362002059714,20,0,BR003,Withdrawal,0,0
2055,19,39310.01287257426,16514.049831233016,54.20038195417448,144,2,720.6072705838932,39,0,BR001,Deposit,1,0
2056,49,90921.01804341636,1218.1115452981994,528.2389268271763,31,2,731.6519181078588,6,3,BR004,Deposit,0,0
2057,30,98916.80185952008,5152.117114452045,125.45168696090094,118,5,692.1967319323594,21,0,BR003,Bill Payment,0,0
2058,63,30252.870231152672,15378.126271860181,238.12752622222075,28,5,700.3481277145788,17,1,BR001,Bill Payment,0,0
2059,44,61871.91902225909,0.0,858.6877104934441,4,5,688.6201803450817,20,0,BR004,Bill Payment,0,0
2060,66,95959.69745142879,10098.321446654178,1410.0587070443012,138,1,770.2457178325172,13,0,BR003,Deposit,0,0
2061,58,73771.29403968924,4212.445148464958,221.05653769203752,179,2,698.4449988782641,9,0,BR001,Bill Payment,0,0
2062,34,54236.736874019916,21994.55527778988,720.2458271485241,18,5,752.6935152944897,32,0,BR004,Transfer,0,0
2063,57,30984.433368560225,15115.039078394542,21.929912068170466,47,1,668.6306733653199,8,0,BR001,Bill Payment,0,0
2064,48,90364.78014010302,22721.216676516095,752.4304968188169,160,4,712.6948369818621,17,1,BR004,Bill Payment,0,0
2065,51,72931.33472877895,11647.878298019825,397.1718778780908,158,4,642.7255759032405,12,2,BR003,Deposit,0,0
2066,41,32594.29946968138,10974.997265096797,268.3243364410945,164,4,784.1569762784676,16,1,BR002,Transfer,0,0
2067,62,91177.6031852498,9255.634328283915,882.7780057258366,9,2,640.6376931496619,22,0,BR004,Bill Payment,0,0
2068,52,29791.121641326863,7472.375404004169,746.6032645023008,164,1,676.2514389017072,24,0,BR003,Deposit,0,0
2069,65,60149.30460831695,36161.90705150386,140.928116232716,29,1,676.9527711281679,15,0,BR004,Transfer,0,0
2070,23,59178.47652581316,19264.525642139,627.1042076506252,144,4,674.2234028628362,23,1,BR002,Bill Payment,0,0
2071,36,100604.38923465238,2404.303086568956,41.91801852069272,92,3,749.5747038610056,30,0,BR001,Deposit,0,0
2072,47,59256.98377863664,35753.77982245961,692.1090948275762,149,4,676.833956468435,10,0,BR002,Transfer,0,0
2073,24,59177.86090138405,8355.180584979542,450.13319273833145,64,2,796.574717137875,22,0,BR002,Bill Payment,0,0
2074,27,35012.276412250736,14890.368001591705,36.787493074841656,111,4,641.7067439708883,38,0,BR001,Transfer,0,0
2075,58,50911.251060710674,20456.37634684679,459.6425801041619,124,4,710.8564228959895,21,0,BR002,Transfer,0,0
2076,49,47019.49986062587,0.0,347.49508227336435,110,1,644.694980748118,32,2,BR003,Deposit,0,0
2077,51,48165.10794789676,4554.0587851581095,361.1031868221085,118,4,728.4680947772026,17,1,BR004,Withdrawal,0,0
2078,45,65138.25954762121,26833.48342113621,137.48314396121583,156,5,697.8835191116261,13,1,BR002,Transfer,1,0
2079,32,18000.0,9976.542029972441,123.96954564386083,100,5,688.1456568711066,27,1,BR004,Transfer,0,0
2080,47,31774.934600828252,20988.03105084785,575.094202665735,31,3,782.1932476552466,10,0,BR004,Transfer,1,0
2081,54,62557.584780642595,7918.7840341828905,118.72329231932608,161,2,653.1960690261427,23,0,BR001,Transfer,0,0
2082,46,67667.6030282865,11144.463550618424,236.42563321286372,169,2,740.05606103326,35,0,BR002,Transfer,0,0
2083,39,59864.4784298343,28067.311794688503,474.7007734762585,81,1,645.1728061127645,18,1,BR001,Withdrawal,1,0
2084,21,64102.52122473086,15937.610180682204,33.1858311145125,46,2,706.8879640112261,12,1,BR001,Deposit,1,0
2085,37,55999.43449958447,8896.370097621013,361.10149139216725,49,3,615.3097270243588,32,0,BR004,Withdrawal,0,0
2086,49,64592.89872894742,5849.728852774369,356.03129303012577,42,5,652.6237997585282,18,0,BR003,Deposit,0,0
2087,53,74551.12884576875,6673.121468281171,461.094838430073,151,1,693.2499868098995,31,1,BR004,Withdrawal,0,0
2088,67,74396.94203112854,23174.04027663382,184.7685326695741,112,5,826.0254417126155,14,0,BR001,Deposit,0,0
2089,21,49842.914947913094,18889.48477775028,238.39350512592083,27,3,706.0562709321841,10,0,BR002,Bill Payment,1,0
2090,44,85132.0842708249,1661.9103113376786,160.1727070253481,160,1,814.8267821106695,22,1,BR003,Transfer,0,0
2091,34,68456.39127907302,12784.60701183633,660.4546314240713,88,4,714.4226304183643,4,0,BR003,Deposit,0,0
2092,29,92108.70703947492,11398.65175374595,55.98573475884023,121,2,671.9041028867542,21,0,BR002,Deposit,0,0
2093,39,96523.1934878758,14844.834926114645,1318.2374568478251,3,3,806.7549565820485,17,0,BR002,Transfer,0,0
2094,34,33260.01212978859,6567.859927727671,402.963655356572,60,1,729.5912335451393,6,0,BR003,Bill Payment,1,0
2095,27,46101.3941448884,21880.250504844815,871.8169411630669,79,5,654.00948842821,32,0,BR001,Transfer,0,0
2096,71,82898.05687935211,11987.946504425774,222.21168055187636,145,1,731.9400021580208,2,1,BR003,Deposit,0,0
2097,18,28372.36675716316,15360.928658268684,161.55398511344373,32,4,678.5183675064673,27,1,BR003,Deposit,0,0
2098,39,96243.89317925421,4937.787982971158,923.9478649603491,7,3,559.7676062680093,0,1,BR003,Transfer,1,0
2099,43,57434.59171412142,5391.181760964941,41.643643542639744,71,1,764.5181211485932,36,1,BR001,Withdrawal,1,0
2100,73,77650.7267723984,35917.599983402106,49.82061029437437,128,3,775.645383894935,21,0,BR002,Transfer,0,0
2101,35,62439.405417062924,28200.71957184015,142.2968810506916,58,3,827.6559420994593,18,3,BR002,Deposit,1,0
2102,67,34367.43038875888,11372.869534053794,1285.3064531246096,168,5,728.5500584536684,13,0,BR002,Deposit,1,0
2103,31,88221.98124690345,25797.035556542454,401.0321585063294,112,2,681.5893603142227,2,0,BR001,Deposit,1,0
2104,64,125515.90667182126,22914.637628361867,323.14828745616813,48,4,757.449259916501,18,1,BR001,Bill Payment,0,0
2105,46,53669.817920174784,6373.100738557747,488.7954290457576,179,1,758.4874255723234,32,0,BR002,Transfer,0,0
2106,29,57908.111881404664,5475.601187380784,216.1529655774978,111,2,813.6796828195495,20,1,BR004,Bill Payment,0,0
2107,53,18000.0,18018.089628161855,567.6485295354116,71,5,695.8760663853491,0,1,BR004,Transfer,0,0
2108,52,94733.06387603466,14340.545743015398,199.8426490892002,165,2,687.4094719202684,25,0,BR002,Bill Payment,0,0
2109,69,85058.83710252406,8381.958452951516,700.3157721760516,75,3,648.9118906169031,9,0,BR004,Withdrawal,0,0
2110,29,26865.555034791883,18491.038893738638,124.40489031306277,74,3,736.6223460707641,34,0,BR004,Deposit,0,0
2111,24,19572.5198349685,0.0,130.04097656969444,121,4,590.6216832238415,12,1,BR002,Deposit,0,0
2112,46,22116.911770364168,13035.013750672115,295.57870495120386,55,1,753.3261161003795,5,0,BR002,Transfer,0,0
2113,28,79193.720758202,849.6871179351965,225.38207043822177,41,1,740.1484585306052,5,1,BR001,Deposit,0,0
2114,50,81389.81123150981,1146.0779082744339,417.7813042527458,97,5,739.9549141720861,34,0,BR004,Bill Payment,0,0
2115,23,44686.653223886664,5639.116893128341,181.20559264344345,148,4,708.6757665551288,15,0,BR004,Withdrawal,0,0
2116,64,75983.72069042157,15269.585487095897,104.83205944947878,33,1,806.308477327176,7,0,BR002,Bill Payment,0,0
2117,32,68495.29666180535,5922.866920038325,253.8068542184052,168,3,760.0395425798804,2,1,BR003,Bill Payment,1,0
2118,49,56920.06644920719,1037.0225284465632,329.2627123329329,34,4,656.504596603701,4,0,BR002,Transfer,1,0
2119,68,86344.3301870766,16295.24282409252,61.54031504029322,62,2,657.7574665211647,20,2,BR001,Deposit,1,0
2120,28,38491.41677298315,25434.723399969324,325.4202216819545,19,4,637.4228330609754,30,2,BR003,Bill Payment,1,0
2121,40,90245.86269906569,17749.653907818112,153.82799890868202,171,4,737.5898332942911,13,2,BR003,Transfer,1,0
2122,43,48972.52581168424,28216.188521342818,199.3295620164788,10,1,628.9902755132031,36,2,BR003,Bill Payment,0,0
2123,51,104193.80700327498,24682.60554242329,131.02298886665284,120,5,774.8374500508346,18,0,BR001,Bill Payment,0,0
2124,63,42883.26748340773,7613.146087410581,1071.845322601386,123,5,791.6081315841881,36,0,BR004,Bill Payment,0,0
2125,51,57265.414270797206,17689.438374276993,459.9659569619722,104,1,637.4688611734684,19,1,BR002,Transfer,0,0
2126,46,66288.91702593178,11175.322858003587,121.77415086648766,141,1,686.0116025785003,1,1,BR001,Withdrawal,0,0
2127,21,66151.00805209464,21558.898030782533,414.2903038983783,5,1,700.1634686953689,6,0,BR001,Bill Payment,0,0
2128,34,75798.2270135981,11173.695984627862,755.0590877297301,58,5,760.8788212328767,32,1,BR003,Bill Payment,0,0
2129,52,36714.986798573096,4901.731417116601,205.41853417425614,59,1,811.6540362926914,5,0,BR003,Transfer,1,0
2130,30,64179.12701857403,24360.653481152287,708.6827708092413,128,2,581.0155324991996,6,0,BR001,Deposit,0,0
2131,58,68038.89754085986,14860.159956510324,67.0906070571277,86,2,676.7273497731322,17,1,BR004,Withdrawal,1,0
2132,56,53389.75907138121,6028.232958216918,692.1484327713605,104,3,680.3788313107757,28,1,BR003,Transfer,1,0
2133,32,73889.28958410719,7511.463299335591,310.86746086034105,143,2,600.9531101579416,18,0,BR001,Deposit,0,0
2134,72,35379.861903268815,5970.714200053643,100.91283807581016,129,4,665.0422986487157,24,2,BR003,Transfer,1,0
2135,46,57818.01444088496,2984.273105612554,209.11973237367843,38,3,728.9438261045427,3,1,BR002,Transfer,1,0
2136,46,48429.94926311935,7702.361919808043,1768.905934740846,107,2,679.492476801231,12,0,BR002,Withdrawal,1,0
2137,28,57884.519549921584,15357.190923580858,612.1694009585178,109,4,590.876518197481,31,1,BR002,Withdrawal,0,0
2138,69,96834.78011826647,12576.54603167562,342.3477335861578,53,2,900.0,26,0,BR003,Withdrawal,1,0
2139,49,97262.0259754628,8056.047572560568,48.94114492778907,52,4,717.6324505642926,33,0,BR003,Withdrawal,1,0
2140,19,92949.16213278685,25459.567219175016,216.38445716973865,1,1,706.8185891074672,27,0,BR004,Deposit,1,0
2141,64,54830.33983822127,0.0,122.09491445245581,11,4,622.1451545853067,8,1,BR002,Bill Payment,1,0
2142,31,84967.60208960455,14755.223236401396,29.459080870771494,58,1,717.2494313379892,7,1,BR004,Transfer,0,0
2143,37,67471.96679236769,10715.166706641658,312.53298322098726,128,4,687.5050351170954,20,1,BR001,Withdrawal,0,0
2144,39,66002.97347706619,3268.3689318316774,879.9597800755457,168,4,566.8033611099215,29,1,BR001,Bill Payment,0,0
2145,28,63298.050352378275,15280.08911208946,450.31102014906674,44,2,624.0821191989909,28,2,BR002,Deposit,0,0
2146,44,103685.19286234074,10022.266088749606,114.90240554732489,6,4,754.6448212371762,8,0,BR004,Withdrawal,1,0
2147,20,95048.4493222422,23223.661195925044,340.93652270701045,156,2,835.081235500031,12,1,BR003,Transfer,1,0
2148,34,81387.72120583615,19812.5871817032,1147.5290862140282,159,4,724.7015783530131,17,0,BR004,Bill Payment,0,0
2149,61,61253.378758766215,29155.176627365872,513.3724606638464,8,5,776.2158294805357,37,0,BR001,Withdrawal,0,0
2150,73,65870.33668160037,7650.1386253740675,467.794928503936,5,3,688.0971283991753,21,1,BR004,Transfer,0,0
2151,45,76672.46529983016,24568.990407727637,1378.789730522995,106,2,692.9417687523578,30,1,BR001,Bill Payment,0,0
2152,46,53524.603939211505,1507.3070878612089,641.528110742894,112,2,775.3685319333625,34,0,BR001,Transfer,0,0
2153,38,85642.94575121909,11004.271506519788,58.761785650184585,17,1,815.3944102425628,9,0,BR004,Deposit,1,0
2154,64,44732.607548256055,7812.776526291558,170.8604764270042,166,5,790.0767685425935,8,0,BR003,Withdrawal,0,0
2155,33,73620.56113594292,17422.008716184682,1342.5741362299905,9,1,624.3545847230627,30,2,BR001,Withdrawal,0,0
2156,54,18000.0,17204.48218419197,269.1068246435505,78,5,694.3128776779328,39,0,BR004,Transfer,0,0
2157,37,52886.39241475314,3894.423660948257,47.35013480741679,14,5,718.4267279133406,23,0,BR001,Bill Payment,0,0
2158,23,110708.89692422775,17923.72956585975,245.44236596224653,154,4,680.822542554473,7,1,BR002,Withdrawal,0,0
2159,36,87796.21287662204,8575.598254404973,477.60005756909464,113,1,726.1500280390917,19,0,BR003,Transfer,0,0
2160,74,98780.30589855953,4648.823760434754,2404.3766693327066,91,3,756.4403768168263,16,1,BR002,Deposit,0,0
2161,22,50319.231318203594,11893.967740719054,156.56885939665457,25,5,769.1966826368598,27,1,BR001,Withdrawal,1,0
2162,20,67283.00240960959,0.0,288.69017038233153,164,5,817.0109106555067,5,0,BR003,Transfer,0,0
2163,18,93203.8295680747,20381.757149898945,847.0425101048536,98,2,675.9391226692616,32,0,BR004,Bill Payment,0,0
2164,55,78928.0885635183,11499.412706024517,175.56773583623243,161,4,603.517678461248,27,3,BR004,Withdrawal,0,0
2165,32,76188.44930188303,11696.289403817636,46.281779432302294,3,3,724.0764215810117,0,1,BR003,Withdrawal,1,0
2166,51,100872.80334726139,11215.500356221437,1189.8692332609294,139,5,830.8667721829362,34,0,BR002,Deposit,0,0
2167,52,42109.990756493586,26821.650780226053,268.116790154309,112,2,665.6116898032159,23,0,BR002,Transfer,1,0
2168,66,60946.76313219893,25669.899199468386,279.4920631837667,146,1,747.0792883944604,5,1,BR003,Bill Payment,0,0
2169,42,26410.117621274207,24156.84984059268,388.29891976524476,47,5,747.702205473085,6,2,BR004,Deposit,0,0
2170,41,40907.66685741677,11234.625201670457,5.0,172,2,712.4009433141226,8,1,BR003,Deposit,0,0
2171,29,88632.07862793736,1959.3757875905649,1070.2206715842526,50,1,699.48473047306,36,0,BR002,Deposit,0,0
2172,35,44818.316143773285,11856.185014044773,179.42279874015787,157,4,634.3599555995025,15,1,BR001,Transfer,1,0
2173,32,81181.53359075214,14829.603786544636,202.29003637379205,124,1,539.2836549305596,33,0,BR004,Transfer,0,0
2174,61,101486.67092329777,19313.4927350395,76.5171100578111,90,5,621.170450533518,34,2,BR003,Withdrawal,0,0
2175,33,61085.36015017735,14800.64466990219,190.02358689167235,67,3,671.6787095621811,34,0,BR001,Transfer,0,0
2176,44,76436.99567559588,2761.551514293724,651.7410211845574,2,1,775.8195881195895,19,1,BR002,Deposit,1,0
2177,25,81352.86684994423,7181.260766938024,643.7585104314319,153,3,691.7810356354037,22,2,BR004,Transfer,0,0
2178,63,38127.108612535565,6364.771218759701,1098.281144904368,147,3,662.6681996757296,34,1,BR003,Bill Payment,0,0
2179,42,51438.04840337696,16851.477453652387,206.48904633232047,168,1,636.6310190632598,22,1,BR002,Withdrawal,0,0
2180,34,42919.453343220346,17072.377079159705,493.39017507271524,2,4,744.9764079956636,3,1,BR003,Deposit,1,0
2181,46,53192.09157817337,18251.686992727835,283.09123098973294,65,1,794.0850016501423,9,1,BR003,Withdrawal,0,0
2182,70,80754.43535778418,14709.322692051177,651.9027598274586,91,2,773.4405005307221,10,0,BR004,Transfer,0,0
2183,25,51905.67191926959,0.0,498.67141925783204,173,3,741.4304789830928,39,0,BR002,Withdrawal,0,0
2184,32,64226.62900750003,0.0,183.48491895994286,116,5,595.7071077531942,8,1,BR002,Withdrawal,0,0
2185,44,42065.84442751282,10738.311317943222,164.19538215906564,49,3,674.382803000936,39,2,BR001,Transfer,0,0
2186,63,91981.28761974144,12882.701284197532,116.37760165667731,69,5,835.3112960222772,11,0,BR002,Withdrawal,1,0
2187,67,53007.580215086586,23282.990284376807,343.69562050904517,166,2,777.5365344340657,16,1,BR002,Transfer,1,0
2188,69,98505.572142019,12700.156331955284,1327.9522428069859,132,2,591.3747747235692,31,1,BR004,Deposit,0,0
2189,24,66340.44006468593,3216.456022263177,89.29079072639105,145,2,695.108663376051,22,0,BR001,Withdrawal,0,0
2190,20,34046.00928481226,17959.483269996315,40.03973195719007,126,1,724.4168902862727,14,0,BR004,Bill Payment,0,0
2191,46,61237.411575996266,11844.734764221816,50.86100591831458,53,3,645.6489075881645,27,0,BR002,Bill Payment,0,0
2192,61,41618.90979574438,8381.506930193686,611.3251032502985,112,5,537.3557185013806,37,0,BR001,Deposit,0,0
2193,70,77965.68630231936,0.0,172.37766658138486,159,2,705.9176831511502,4,1,BR004,Transfer,1,0
2194,41,59250.01878880894,12766.683073001093,101.63023466512968,150,2,643.8569219665693,39,1,BR001,Transfer,0,0
2195,20,68590.6256106018,14059.361198815144,174.06723345169368,139,5,644.1310782640721,17,3,BR002,Withdrawal,0,0
2196,37,56874.23157897562,3034.683263045552,414.62791643609205,162,3,674.172374804847,20,1,BR001,Withdrawal,1,0
2197,63,52782.46931500684,18699.22009385648,316.5573363048083,113,3,689.6426859741632,14,0,BR001,Bill Payment,1,0
2198,32,43580.31578845621,17893.171187858847,544.3900954276984,143,5,698.364204413302,2,1,BR001,Bill Payment,1,0
2199,42,83396.90461007365,12440.213241536781,165.64544865728504,114,4,637.1207070754599,25,0,BR002,Transfer,0,0
2200,47,61190.63176040665,12105.50572147837,240.61285390097774,138,3,683.5853329256146,14,0,BR002,Bill Payment,0,0
2201,31,58076.80033863555,20514.339719978234,43.01999497130425,48,5,575.9803640718071,19,1,BR001,Transfer,0,0
2202,24,60639.29423427248,15307.773319029286,30.345991898534614,31,5,720.7727345757655,20,0,BR004,Deposit,0,0
2203,34,50065.04054331296,5679.700959464756,248.14850419027573,37,2,499.06072106611896,25,1,BR004,Deposit,1,0
2204,61,58150.268610927444,10221.165447598669,143.58336674384523,108,5,678.7356943696466,22,1,BR002,Bill Payment,0,0
2205,37,69523.85592325672,17011.644617424714,379.5261604820446,28,1,763.3430307573867,24,1,BR003,Withdrawal,1,0
2206,53,42248.98602075117,0.0,17.581660109696873,159,2,624.8461518907621,3,1,BR004,Bill Payment,1,0
2207,26,45434.256152257425,3616.2655608933437,51.93705440110001,70,2,749.150114256018,9,0,BR001,Bill Payment,1,0
2208,55,95322.25005969882,18139.238997050776,801.5579663842724,14,3,779.9012898484625,21,0,BR003,Bill Payment,0,0
2209,65,57019.35627840977,22879.898437945012,334.17160988654445,122,4,467.4470033251828,2,2,BR002,Withdrawal,1,0
2210,74,52865.66220367178,21189.43866241211,497.99366794811624,16,3,688.404596749698,18,0,BR004,Bill Payment,0,0
2211,39,35434.82467769594,20039.639810230026,737.9935190580854,25,1,497.6958600660207,30,0,BR003,Withdrawal,1,0
2212,71,83714.90802443327,13167.694764042972,249.3248416002806,167,2,690.7254088100337,8,0,BR002,Bill Payment,0,0
2213,70,41769.63210276145,2739.8693128107952,572.6177646224996,66,2,698.4980152313071,28,1,BR002,Withdrawal,0,0
2214,70,64663.56145884792,10230.389538840887,297.4273560862325,38,5,525.2219209862413,36,3,BR001,Withdrawal,0,0
2215,19,27419.928475035005,0.0,100.79665915770282,169,4,833.7386853455906,6,0,BR004,Withdrawal,0,0
2216,41,82999.80160801056,23705.90477589678,164.78819016064017,103,4,719.0211065344238,37,0,BR003,Withdrawal,0,0
2217,25,90890.83735960878,4645.984777731219,269.6127715108076,98,5,639.5683597542575,23,0,BR001,Withdrawal,0,0
2218,28,75659.44760051633,7199.888159791173,152.4371468333546,115,1,801.5765599248963,7,2,BR004,Deposit,0,0
2219,30,31241.437109083476,21527.57147376519,163.5048296630007,40,4,573.3070745550378,33,0,BR003,Transfer,0,0
2220,34,83452.76716600308,0.0,164.62918802054563,64,2,612.9580276537177,25,0,BR002,Transfer,0,0
2221,25,46798.32200791224,1295.3763837711176,52.426335603797824,89,1,538.0381133431072,27,2,BR002,Withdrawal,0,0
2222,38,39238.61866812453,14411.742094426212,35.37627870305282,100,3,825.0731637577534,27,1,BR004,Transfer,0,0
2223,35,56563.856993331625,16683.423735607306,19.04468020258195,144,3,722.2642460030403,6,0,BR001,Withdrawal,1,0
2224,47,56125.911186377234,11354.692843432565,47.043537796869636,82,1,745.1581252893947,2,0,BR003,Bill Payment,0,0
2225,35,53888.92967403363,11648.25198357683,168.45923352052563,77,2,720.0700863742933,21,2,BR003,Deposit,0,0
2226,63,93020.83345390327,23415.401585050007,360.4345679663639,59,3,739.1637432801209,37,1,BR002,Bill Payment,1,0
2227,64,109260.17192173778,17726.86600554586,83.37436001285006,91,2,704.4654399727193,17,1,BR004,Bill Payment,0,0
2228,48,34878.996178311776,16510.529410747913,875.7341571890834,98,5,717.9644939895209,11,1,BR001,Withdrawal,0,0
2229,55,49845.68732485901,18980.818435143687,660.9014890626681,139,4,706.5322405356065,30,1,BR002,Bill Payment,0,0
2230,49,68140.46339298904,9294.68752780244,294.02717207052734,1,1,656.3985736101505,38,0,BR002,Deposit,0,0
2231,28,56448.237199380994,31558.490977287187,515.2459835906859,13,4,695.7362664349731,4,0,BR001,Bill Payment,1,0
2232,62,73786.77248412736,0.0,182.48985464147844,30,5,718.1516201283174,28,2,BR003,Deposit,1,0
2233,42,85151.67783080749,25121.289217069032,14.988459590420971,18,3,706.7384383686491,35,0,BR003,Deposit,0,0
2234,50,81486.05072994091,20118.967668687983,938.7521095385777,78,2,595.5559524572678,13,0,BR004,Withdrawal,0,0
2235,55,78414.13849269631,14234.594263957688,54.69162308778317,141,2,604.8509331974113,17,0,BR002,Deposit,0,0
2236,58,101500.10146023391,12720.260618419003,1182.122963347384,32,5,774.7989003741474,6,3,BR004,Bill Payment,1,0
2237,25,30043.15977584559,10600.020325766043,339.3431178159672,71,1,677.5104167881618,22,1,BR003,Withdrawal,0,0
2238,28,97562.39342300154,21930.99229167068,145.86156860686953,50,4,739.9307742925158,32,1,BR001,Deposit,1,0
2239,39,55914.18405002564,11641.219734001044,273.6944990948253,116,3,622.5516063194323,15,0,BR003,Deposit,0,0
2240,68,82272.75485486379,5449.0373442922155,278.564849013312,113,1,595.8797886347429,36,1,BR003,Transfer,0,0
2241,41,42347.34297785224,20117.845967895137,9.425003131209039,80,5,639.94823712278,24,1,BR002,Withdrawal,0,0
2242,58,45013.07937834789,26262.89610653872,175.68726604507955,31,5,683.4204450460011,8,2,BR003,Transfer,1,0
2243,34,79566.5804126046,0.0,538.6230502099719,51,2,652.4401790500912,27,0,BR004,Deposit,0,0
2244,29,22567.939499503394,33213.82647693288,285.39643991504704,155,3,789.5753466174,8,1,BR001,Transfer,0,0
2245,74,86767.72572234288,2669.4183222332267,112.0073346866884,60,1,711.5666311076224,11,0,BR002,Bill Payment,1,0
2246,63,92719.19705151493,3357.315511361825,163.25338201475427,33,2,828.42570329933,17,1,BR001,Bill Payment,0,0
2247,49,68911.26678423712,795.9925245664854,795.2685848138927,127,3,727.3085707849992,26,0,BR004,Deposit,0,0
2248,32,68118.74278272825,12007.641472181627,298.23933813481756,161,4,530.1214427456132,25,0,BR004,Transfer,0,0
2249,33,46660.00481201406,482.5354352822942,300.60903766561944,126,4,772.9229124520988,25,0,BR003,Transfer,0,0
2250,71,79837.8868528807,1575.659425342028,1302.5008700923725,41,2,593.3313864271032,9,0,BR004,Withdrawal,1,0
2251,39,72648.63542096337,5803.049571747446,154.78379865094067,19,1,715.1373567047938,16,0,BR003,Bill Payment,0,0
2252,45,44726.881287475895,13246.101076749055,261.21776192779225,41,3,644.7721159635308,31,0,BR002,Bill Payment,0,0
2253,37,56387.441098059775,14113.682390707601,667.916423598083,85,4,848.989772412493,23,0,BR001,Withdrawal,1,0
2254,50,61494.62065669232,23170.775514690762,569.0377197049603,89,4,799.7718549201095,7,0,BR003,Bill Payment,0,0
2255,27,56358.351676577884,22963.33895875422,123.58920822845323,42,1,647.0725550808769,29,1,BR003,Transfer,0,0
2256,57,35015.94890630055,21221.501826878433,65.5213357669038,120,2,690.0849632315221,25,0,BR002,Transfer,0,0
2257,49,80378.4467888457,9645.44546040847,482.52966154963104,23,5,716.1218648754452,23,0,BR004,Bill Payment,0,0
2258,67,59642.76997015832,0.0,119.17710782557182,33,3,759.4389850093128,26,0,BR003,Withdrawal,0,0
2259,50,65338.02506965281,0.0,1023.8994701194221,20,4,701.0406338627508,14,0,BR004,Deposit,1,0
2260,19,52278.135077256615,21159.568884988315,55.35908857418301,153,5,627.2573570433393,27,0,BR003,Deposit,0,0
2261,50,75455.97242738378,19593.79024536633,153.27515930315025,90,1,648.7708952559963,10,1,BR004,Deposit,1,0
2262,50,69371.31605639088,6449.659838003581,22.53809651936107,104,2,698.6862742536246,38,1,BR003,Deposit,0,0
2263,58,91681.25656086921,0.0,486.02065525565934,12,3,785.4119885135284,1,0,BR001,Transfer,0,0
2264,30,75573.17168465766,2575.6407914781776,887.5279710575298,160,1,728.9486502375231,8,0,BR001,Deposit,0,0
2265,47,60540.94315958356,13572.248719795749,404.1027062431864,161,2,644.8609551369489,22,1,BR001,Transfer,0,0
2266,50,48726.23001494367,13589.048998694434,1110.6580747048852,143,1,744.3860944396853,32,0,BR003,Transfer,0,0
2267,30,84050.95904616619,21382.781458142996,55.017591660593176,51,4,671.9110612785288,18,0,BR004,Deposit,1,0
2268,69,58783.325826697925,7946.809885132536,36.72943401401532,6,4,761.3285603630789,12,3,BR002,Deposit,1,0
2269,43,61222.21353488314,9803.675743485219,729.0839671899637,91,5,875.8907292830024,13,0,BR002,Deposit,0,0
2270,39,61216.62466156116,22127.89175369795,773.8212450941376,69,1,673.8821540339516,31,1,BR002,Bill Payment,0,0
2271,56,56164.630365543155,0.0,711.2361918492139,163,4,755.1123611808459,21,0,BR001,Bill Payment,0,0
2272,19,61600.142126942876,14857.076522253235,641.7103087625538,123,2,646.8224667573589,19,1,BR001,Withdrawal,0,0
2273,55,107376.56638011671,8991.940992312579,179.90999876803647,162,5,691.1415362966092,32,2,BR001,Transfer,0,0
2274,56,41947.91480919077,18414.838010583688,98.08516090699699,146,3,701.0693600810471,4,0,BR004,Deposit,1,0
2275,43,47080.90736324458,16613.45942575208,1056.927569120515,115,1,685.4421437968933,19,1,BR001,Bill Payment,0,0
2276,63,95455.1371993935,5733.213200493011,146.69021745707136,154,4,871.4109582142517,13,2,BR004,Withdrawal,0,0
2277,67,56754.30354110842,7433.9862916891625,203.2701103930453,111,2,677.5384847725132,26,0,BR004,Transfer,0,0
2278,32,55086.33175035231,0.0,481.00149950217707,61,1,740.0796077149407,25,1,BR004,Transfer,1,0
2279,51,87767.00484901555,18749.923484356383,138.89135566919686,107,2,563.8939191473597,31,0,BR003,Transfer,0,0
2280,59,33755.696419801476,14157.964380581676,683.9911851148833,78,5,729.2397594358728,29,0,BR002,Bill Payment,0,0
2281,72,83071.99744357492,24586.611199065414,29.04316929578844,95,4,778.9438214646573,26,1,BR004,Deposit,1,0
2282,61,66003.56144507397,8405.39967455508,626.518166331779,74,4,662.0681860194665,25,1,BR002,Deposit,0,0
2283,66,75225.6468783035,20229.020378832232,368.3719128770149,48,5,523.2844501271711,17,1,BR004,Transfer,0,0
2284,57,74812.68101554677,2370.665589922746,340.38255235376664,96,2,696.2943761820873,22,0,BR004,Transfer,0,0
2285,28,51184.38309738197,0.0,245.2740655129744,31,1,700.202869526987,23,0,BR001,Withdrawal,1,0
2286,20,88126.04316329795,11149.37453669009,129.7636496844011,34,2,749.6852535521012,3,0,BR002,Withdrawal,0,0
2287,23,52896.97034748248,6899.86420452277,249.50090241818143,87,1,839.7632124789404,2,0,BR004,Transfer,0,0
2288,26,73994.67841797232,2542.607167937518,239.15553685333535,135,5,672.3962444579786,29,0,BR002,Withdrawal,0,0
2289,23,92229.938681641,20082.94854137955,350.59172035225106,83,3,639.0598313437804,15,1,BR001,Bill Payment,0,0
2290,26,95335.83739662233,22874.220061892018,132.2771876015122,135,1,617.3157539039989,6,1,BR004,Transfer,0,0
2291,56,59123.220609304764,12948.791514292749,32.30860813352114,47,4,712.8655031922119,38,1,BR001,Withdrawal,0,0
2292,48,75188.97603330223,10357.328373436512,62.703372588086296,136,4,732.5547981172951,21,1,BR004,Transfer,1,0
2293,49,57091.24661552037,12564.375365122702,480.49386453408493,129,4,660.8041223946191,30,2,BR001,Deposit,0,0
2294,58,120083.51699991303,6123.66380488805,9.09965609329598,125,2,753.5077922008053,12,0,BR001,Bill Payment,1,0
2295,67,82162.772129224,17063.36353585562,776.4093684405686,77,2,731.5768853773423,28,0,BR003,Transfer,0,0
2296,29,66849.28558841259,0.0,474.18779062826343,3,2,702.0262182751424,27,0,BR004,Deposit,0,0
2297,25,71876.36781607034,2342.2968441282665,584.5563999137019,92,4,635.8309695479112,18,1,BR004,Transfer,1,0
2298,25,73956.31913981348,4878.649638238782,723.1176132210215,166,1,665.2694979160694,22,0,BR004,Deposit,1,0
2299,67,74608.35789723661,16872.198878833762,52.36726981868056,179,4,528.9171291622218,7,2,BR002,Withdrawal,0,0
2300,45,59720.039211775744,9277.591286610808,691.4036656765134,143,1,715.5050944938623,24,0,BR003,Deposit,0,0
2301,37,56324.79941682615,24243.513552327655,280.9901716071159,100,2,700.8438902123205,37,1,BR002,Bill Payment,1,0
2302,64,61659.22604201715,19229.78780740658,866.955470552833,127,3,712.193529376264,37,1,BR004,Bill Payment,0,0
2303,24,39926.782488961435,4790.161419938889,870.6862952936184,68,2,734.3023310895193,34,0,BR003,Withdrawal,0,0
2304,28,80802.03695343812,17701.192113587582,9.790052435684858,133,5,726.0075040502556,25,1,BR001,Transfer,1,0
2305,37,47362.489061722605,8326.136746631833,193.06713101178798,90,1,691.2731773547775,2,1,BR003,Bill Payment,0,0
2306,33,41681.098262336236,16258.62445521567,298.95586116054807,89,3,702.4067630213926,1,1,BR001,Withdrawal,0,0
2307,21,64684.20173558873,19665.94947233676,453.72906017727956,10,2,600.6978508312682,4,0,BR004,Bill Payment,1,0
2308,23,62137.30214682249,22032.43141631445,134.85328014696765,8,3,658.1395548017401,19,1,BR004,Withdrawal,0,0
2309,39,70491.95846735775,13818.19412854125,116.2170028600197,12,4,702.5329737578423,11,0,BR001,Bill Payment,0,0
2310,43,52499.481873278986,26401.113178321968,192.0317480041193,64,1,647.4902496861348,37,1,BR003,Withdrawal,0,0
2311,20,56364.06371891858,15971.829204551448,278.0105314211612,118,5,759.2105557110782,15,0,BR002,Bill Payment,0,0
2312,58,80226.6291119468,13215.469435118677,1207.5695028853409,59,4,652.8957543331479,36,1,BR003,Transfer,0,0
2313,59,78886.77841089426,9277.370511060573,574.3761806476053,50,3,714.1413787873821,37,0,BR001,Deposit,0,0
2314,31,77969.55101588691,6318.218818304692,224.37147662292483,151,2,707.1595959770735,35,0,BR001,Bill Payment,0,0
2315,28,65747.2874717326,15778.95353455535,22.359946267579144,40,1,751.2394315527287,28,0,BR002,Withdrawal,0,0
2316,35,68716.29771331005,12906.818732819858,73.81949828457894,122,5,762.0553821819811,34,1,BR002,Transfer,0,0
2317,71,70069.65552963107,14347.430405709507,243.4668463568307,97,2,747.5822827677557,36,3,BR002,Bill Payment,1,0
2318,29,50567.081724202515,16326.712448006627,672.4292088354766,127,5,551.5795659031807,20,2,BR001,Withdrawal,0,0
2319,40,97429.02520321423,14309.413303287436,191.6633049619529,87,1,782.5903703609189,20,0,BR004,Deposit,0,0
2320,29,94294.93671472938,30119.658662350663,309.30638709670006,77,3,805.9115756936219,27,0,BR003,Withdrawal,1,0
2321,30,82473.40300202128,7248.3160423967565,889.5276285969526,121,5,665.2513000974972,5,1,BR002,Bill Payment,0,0
2322,42,55631.045099164854,15890.640097077354,980.4166832525411,146,1,715.5652838870994,19,0,BR001,Withdrawal,1,0
2323,62,76861.1705949033,9950.76105736133,97.22372218936829,149,5,636.6417823908453,35,1,BR003,Withdrawal,0,0
2324,68,86524.13863093498,0.0,17.829493480507008,111,2,562.6135045287494,12,1,BR002,Deposit,1,0
2325,36,38089.66816213485,10258.744594183994,145.77371999598708,129,5,647.289931412033,39,1,BR004,Bill Payment,0,0
2326,72,102279.25875736694,3571.526496733135,476.03100349524016,166,2,661.1902672375472,10,0,BR003,Bill Payment,0,0
2327,63,26733.47255457251,11398.597870436275,1207.290968940358,41,2,674.1604488053729,23,1,BR003,Deposit,0,0
2328,53,80501.32803359965,11762.377308014657,32.06428584754888,170,1,631.8760136995809,18,0,BR001,Transfer,1,0
2329,62,96972.21073755433,15468.220991454038,11.558938367108023,137,4,647.6602383227932,22,1,BR001,Withdrawal,0,0
2330,25,62512.60379140532,7228.385622154478,862.1739885198609,23,5,698.2295574860115,30,1,BR001,Withdrawal,0,0
2331,46,61689.78320389239,8354.163758367533,551.5611289541495,78,3,645.08411118229,36,0,BR004,Withdrawal,0,0
2332,72,79688.5374382323,18306.24287528954,1943.9516470624671,11,2,737.0467032785019,36,0,BR003,Bill Payment,0,0
2333,70,105741.40162254518,4718.473234669896,202.19786442971755,71,4,746.7162455978207,2,1,BR002,Bill Payment,1,0
2334,72,58816.511965289945,0.0,215.17658651327994,159,2,865.6271422315142,33,2,BR004,Withdrawal,1,0
2335,49,47818.985778949216,13413.282212338332,75.64752425107645,26,4,777.7975952486423,28,1,BR002,Bill Payment,1,0
2336,68,55676.93997662417,21637.6387281142,49.2501307956265,30,4,716.017214082989,2,0,BR002,Deposit,1,0
2337,61,30844.69216970315,18202.624280821976,345.7811443788576,162,3,655.5814992332625,14,0,BR001,Deposit,0,0
2338,35,84750.67377173342,13579.35775977273,181.2019725276412,174,4,719.5623146171799,6,0,BR002,Bill Payment,0,0
2339,23,53690.17284029509,23255.808090139,33.49025330660385,102,3,721.861717194145,2,2,BR002,Withdrawal,0,0
2340,35,60416.53861055778,21738.155152484243,872.1012151276501,69,1,663.0680837696037,15,0,BR004,Withdrawal,1,0
2341,36,85011.66489121814,9021.769250438454,88.43649761995079,133,2,753.8611977727014,33,1,BR001,Withdrawal,0,0
2342,39,56707.972862983326,14227.695555033628,552.2590885811777,166,3,601.1331389722687,19,1,BR002,Withdrawal,0,0
2343,54,81699.98869854474,14614.142003727964,132.64165584873953,156,2,681.8920115123742,38,2,BR002,Bill Payment,0,0
2344,49,42162.05291604169,11219.244341316873,670.455146052431,154,5,737.9100921522185,32,0,BR002,Transfer,0,0
2345,73,86091.82742312795,22208.228137864906,50.40530312691216,61,1,678.8691096685532,13,0,BR003,Transfer,0,0
2346,58,72521.91046784035,10630.73609942906,564.3522325117439,106,5,684.527191759951,34,0,BR003,Withdrawal,0,0
2347,20,63051.2613219673,7497.489980955038,41.30902274046683,23,5,689.3549897165403,10,0,BR001,Withdrawal,0,0
2348,45,67879.6567347635,0.0,236.8980026788968,174,4,640.5079131518578,19,1,BR004,Withdrawal,0,0
2349,27,36691.2515176398,4815.265058636597,529.7101303887216,113,4,781.1730652101945,29,0,BR001,Transfer,0,0
2350,68,67376.01636683334,161.23882076911104,76.08587325705014,30,5,627.737362965403,27,1,BR003,Deposit,0,0
2351,52,61883.264722154716,11636.43463860208,134.56128935523722,67,4,721.271152918692,14,0,BR001,Transfer,1,0
2352,46,37292.4825703736,716.7967458352086,800.3024015364076,161,2,727.9553528797661,37,1,BR004,Bill Payment,0,0
2353,71,50236.34060805604,17478.16267502011,865.5445049521828,131,4,632.5964669153723,12,1,BR001,Transfer,0,0
2354,32,62156.6043250446,21975.938473926348,18.390540692282848,121,5,704.117297806652,34,0,BR002,Bill Payment,0,0
2355,50,51639.57193114749,11719.589172706921,73.61268828583631,83,4,635.3257479078709,23,2,BR004,Withdrawal,0,0
2356,24,18000.0,3143.8405536263235,49.98587798214116,170,4,796.3729732539161,0,0,BR004,Bill Payment,0,0
2357,29,88680.52587139505,14577.603385633804,79.23069357268058,62,3,619.2851944116651,23,1,BR004,Withdrawal,1,0
2358,66,61874.02274802736,29041.27552279225,1405.1340137048035,57,3,653.2272034037625,26,0,BR001,Deposit,0,0
2359,47,18000.0,26242.325663921045,320.8771234226856,1,5,613.3042494151093,17,0,BR001,Withdrawal,0,0
2360,38,111969.18467294669,0.0,252.5292288850821,102,2,603.9610891192714,25,1,BR002,Withdrawal,0,0
2361,48,92310.63128889016,0.0,1665.9250022472881,69,1,810.3850703617605,28,0,BR004,Deposit,0,0
2362,41,57322.394876496626,0.0,325.63459367215,59,1,736.9942271738794,7,1,BR002,Withdrawal,1,0
2363,37,46465.05518993258,1767.184916247108,432.84124015910993,46,5,708.8205397990381,25,1,BR004,Withdrawal,1,0
2364,54,73870.20663673148,14264.33221891767,161.84851332089877,106,2,653.0396125657155,4,1,BR003,Withdrawal,0,0
2365,21,69451.18992745111,6989.751523470674,192.58108148064056,34,2,762.5328267732738,32,0,BR001,Transfer,1,0
2366,45,76925.97834560822,4451.969677038515,360.96438503869746,101,2,641.3044292442783,39,1,BR002,Bill Payment,0,0
2367,61,46528.35398838894,21351.987907648065,28.93615182980965,97,3,754.5547506031072,4,1,BR001,Withdrawal,1,0
2368,37,89150.98446137592,16770.83807178864,118.22273812270079,153,5,637.9242106376055,35,0,BR001,Transfer,0,0
2369,41,54583.83329013792,0.0,87.66646338552097,170,1,653.884460868703,12,1,BR003,Withdrawal,0,0
2370,67,79976.84647042248,20835.52206788672,6.408418997358487,29,2,752.0797670282545,16,0,BR003,Bill Payment,0,0
2371,66,47467.336269945474,16554.312502158347,307.9260036044904,153,5,759.4679140909037,12,0,BR004,Withdrawal,0,0
2372,68,123259.1676865767,16754.369322273353,329.35049461254124,123,1,740.8231053727733,24,1,BR003,Bill Payment,0,0
2373,49,80301.51367723568,6865.733784624881,193.76386256601043,73,3,625.5228118970243,1,1,BR004,Transfer,0,0
2374,58,128453.11008462022,10314.262381845987,125.18762796895975,143,4,667.729119399402,23,0,BR003,Transfer,0,0
2375,53,83207.24347917302,0.0,422.28994858682523,4,1,709.9829118838959,35,0,BR003,Withdrawal,1,0
2376,70,52647.78414888895,19802.880052811626,57.852726631741156,38,1,639.5503326662936,24,1,BR002,Deposit,1,0
2377,51,83246.37745896232,3009.6568982881618,292.4351915820731,20,1,794.9673932090506,33,0,BR003,Bill Payment,1,0
2378,53,84812.71200025076,4164.338720154505,584.534745013102,113,4,530.8637139234618,11,1,BR002,Withdrawal,0,0
2379,19,73213.13117895077,4042.728350762549,71.79326782874226,23,2,644.4882339241593,18,0,BR003,Transfer,1,0
2380,32,78868.63438470525,28203.61005213437,559.7673033356087,165,4,663.3303447991118,29,0,BR002,Withdrawal,0,0
2381,51,81757.99684696886,5981.663417139417,572.1729208499202,111,1,499.92394346597627,36,0,BR001,Bill Payment,0,0
2382,53,43139.017763153686,20480.34246189351,24.718949186070986,136,3,601.2639608834667,0,1,BR004,Withdrawal,0,0
2383,23,41573.115095941044,11784.071056054965,7.5851969988316155,165,1,742.7702658779448,2,0,BR003,Bill Payment,1,0
2384,56,47527.22603048246,4538.012579080687,1458.8709747495877,45,3,701.1198545587075,25,3,BR002,Transfer,1,0
2385,59,67805.93267615122,2906.3995204827224,85.96235940327101,97,5,809.1195215430032,14,1,BR003,Deposit,0,0
2386,68,60090.234227584755,6340.295212644074,690.7016433060934,33,3,807.1658512119374,27,1,BR002,Deposit,0,0
2387,68,43537.447549695135,11329.847339017133,330.0781807767831,135,1,729.3132465022762,3,1,BR002,Transfer,1,0
2388,71,82056.91263143223,17415.63395749357,122.86675380275629,22,4,720.9266774300498,18,2,BR003,Transfer,0,0
2389,29,71226.98604300256,7761.074884586255,55.69123480517148,133,1,703.615177600523,23,0,BR004,Withdrawal,0,0
2390,20,68716.4378101588,7424.294323977124,274.6094845586224,15,1,513.1442587484357,39,0,BR002,Transfer,0,0
2391,62,59324.23528617342,4069.603695881334,209.2637569311079,21,5,601.3808340671748,5,0,BR001,Transfer,1,0
2392,35,56678.9817479574,1253.6207268579928,480.1066524274516,126,2,706.0472852169254,15,0,BR003,Bill Payment,0,0
2393,57,46490.714440202515,500.78082222964076,938.0657420241581,89,1,742.121799612337,31,0,BR001,Withdrawal,0,0
2394,38,85542.28643582143,20892.26026145641,654.4115084967926,17,5,719.2768868496698,29,0,BR002,Bill Payment,1,0
2395,32,49523.1566036299,7240.448238412151,128.33124670963204,56,4,636.527452259904,34,0,BR002,Withdrawal,0,0
2396,50,69606.59026724196,8037.5169039981065,844.5651888065571,50,5,764.6184397728647,7,0,BR003,Withdrawal,1,0
2397,52,101564.22871798472,6000.486753172331,716.8429657526298,135,5,802.7710820128245,4,2,BR004,Deposit,0,0
2398,43,57690.329616834286,9148.293390651388,1058.7984119921011,118,3,764.6592720203938,36,1,BR001,Deposit,0,0
2399,25,86135.44709582228,15339.667568910907,245.4836993647127,122,2,768.271953071333,11,0,BR004,Transfer,0,0
2400,53,77511.59835278481,7618.072609473403,585.4000708078073,50,2,659.8541941431353,24,1,BR001,Withdrawal,0,0
2401,65,71852.28639174318,13626.658986875138,358.2601523478394,60,4,774.3153885890559,32,1,BR004,Transfer,0,0
2402,47,74467.66572190456,24763.87640547876,148.7170295406885,125,5,709.203104752936,38,1,BR003,Bill Payment,0,0
2403,40,62912.05547603953,4623.0238543151445,2076.216092386867,116,4,734.8088869965403,23,0,BR001,Transfer,1,0
2404,59,65765.07131345569,8044.785570088121,15.62419660108132,135,4,724.5802289977296,10,0,BR003,Bill Payment,0,0
2405,61,52941.49313903406,17769.542424706277,70.82499879759955,168,2,690.4959026191713,34,1,BR004,Deposit,0,0
2406,31,65912.05666494995,25475.66550463733,892.2634316578283,173,2,638.7998267414389,39,0,BR004,Deposit,0,0
2407,31,52125.02809276307,819.207499114189,24.989741056038113,88,2,693.2504335512167,0,1,BR004,Bill Payment,0,0
2408,19,87124.41204768514,0.0,871.512681435074,105,1,768.0733132237976,7,0,BR003,Bill Payment,1,0
2409,72,27611.05656907423,11994.542842149376,502.41740391813323,55,5,668.0966936280963,22,0,BR002,Bill Payment,0,0
2410,54,75583.17240476061,11065.107927253759,14.949514154081104,64,4,761.5343083825702,19,0,BR002,Transfer,0,0
2411,22,72404.90743129015,18301.52366549489,224.37068873148291,96,5,750.594946943237,31,1,BR001,Bill Payment,0,0
2412,55,70412.35121187274,16928.04311958912,561.7368588241392,168,4,678.0743822086118,10,0,BR003,Withdrawal,0,0
2413,62,87538.97687504071,11694.330967131542,349.96383073088333,44,4,796.2160072533704,6,0,BR003,Bill Payment,0,0
2414,58,58705.28101905516,21442.933680301117,1098.7452608189383,130,4,674.1117330166505,29,1,BR003,Deposit,0,0
2415,71,70619.54458058509,5870.84110632606,808.9041062634246,149,4,804.6682803828842,38,1,BR004,Bill Payment,0,0
2416,64,27236.07845989804,13904.227128690796,161.77483588056973,50,3,729.3888887078681,12,0,BR003,Deposit,1,0
2417,31,55863.02859302509,1058.6349406711215,35.36954403851978,111,3,697.889385708254,2,2,BR002,Deposit,1,0
2418,73,83826.20148585492,11620.845514422137,1154.8016593142893,137,1,636.8539033763642,6,0,BR001,Transfer,0,0
2419,56,35538.4418181974,0.0,291.3330094956487,99,2,692.8217838905471,12,0,BR002,Bill Payment,0,0
2420,42,68514.35407511638,1957.4080772132966,30.924214609692612,148,4,684.7368340553905,36,0,BR003,Deposit,0,0
2421,37,50094.624418556465,27385.06653740928,678.3811033247113,146,5,610.9192530324366,24,2,BR001,Withdrawal,0,0
2422,19,62558.286621021834,0.0,811.5190541232083,84,3,683.7669204097633,22,0,BR001,Bill Payment,0,0
2423,56,51411.09524724486,10050.134741267158,408.0217206389716,30,2,642.733777393204,32,1,BR003,Bill Payment,0,0
2424,23,37561.69670554453,19444.936104522014,237.3272292833937,65,1,740.0194238285147,4,1,BR003,Deposit,1,0
2425,34,73492.07292911562,31992.20023520486,434.0885541317958,24,2,790.4396333009743,31,1,BR002,Transfer,0,0
2426,42,63908.87123545558,13593.675375894434,490.60148616134427,175,4,613.1159026593332,29,2,BR002,Transfer,0,0
2427,74,78477.84063311838,14107.981134564232,894.082586333756,90,2,818.8615409856845,30,1,BR004,Bill Payment,0,0
2428,45,82477.63397597494,12357.168435729744,1248.170779233545,106,4,690.001427593041,12,0,BR004,Bill Payment,0,0
2429,19,91955.69221595832,21515.109642157462,288.8828911702643,172,3,630.748503054304,4,0,BR004,Transfer,0,0
2430,52,67936.70839973862,15885.332087141087,640.7755076251789,157,3,752.0428346145728,22,1,BR003,Transfer,0,0
2431,54,92909.66254127058,6824.209918864034,1335.3967206401978,77,4,667.7481865221466,0,1,BR003,Withdrawal,1,0
2432,22,43532.960837399005,22039.605222858543,65.59310044928203,68,5,693.2784326777954,9,0,BR004,Bill Payment,0,0
2433,18,84997.11624301889,7840.283557369557,7.37476062645597,109,3,670.7005229051545,26,2,BR004,Bill Payment,0,0
2434,57,75106.58915921277,0.0,812.9125803476793,145,5,641.828344769457,7,0,BR002,Bill Payment,0,0
2435,29,70128.03835532532,0.0,86.90104145129544,97,4,749.6797922681333,2,2,BR004,Transfer,0,0
2436,73,74784.10915158858,10190.386682177856,17.362952932702072,133,4,678.958901797407,18,0,BR004,Deposit,0,0
2437,53,43863.74467661984,12927.374091942496,69.78713731473121,92,3,598.4343745474528,1,0,BR001,Withdrawal,0,0
2438,62,38671.5701816495,20600.663457438655,193.87795083082156,88,5,737.5742086951153,30,1,BR004,Transfer,0,0
2439,40,102616.22009369396,17767.347706029916,99.00815757226428,50,4,614.6092354283371,9,0,BR001,Transfer,0,0
2440,64,61288.11207966005,12718.658506857097,145.68337359176732,103,3,618.271787912732,15,1,BR004,Withdrawal,0,0
2441,48,60974.14472025259,21103.59442289117,1480.2844926208481,112,4,782.4824343484121,36,1,BR001,Bill Payment,0,0
2442,28,40749.19156669158,12114.64115967856,487.50673828335505,168,2,615.2562070552851,19,0,BR004,Deposit,1,0
2443,27,32400.877279069588,385.6257049804699,498.18429745584535,46,2,536.8488600150756,2,0,BR002,Withdrawal,0,0
2444,20,63056.98466612979,0.0,39.789097385962876,179,3,742.6003039473047,34,3,BR003,Deposit,0,0
2445,71,57485.06572680799,23508.18936845092,526.8541669713627,11,4,677.7295599363209,33,0,BR001,Bill Payment,0,0
2446,31,65038.15584833392,0.0,537.8220104134208,12,3,683.7641415203318,20,0,BR003,Deposit,0,0
2447,33,66917.38668840785,10193.33409861748,431.2239986311867,141,1,676.984972465486,35,0,BR002,Bill Payment,0,0
2448,27,119768.14378773526,38836.14144379522,103.73441558851042,64,3,715.2168957313108,31,2,BR004,Transfer,1,0
2449,46,57551.240423742995,16133.100998794489,219.99028659549623,8,3,646.3096530667852,17,2,BR004,Bill Payment,0,0
2450,27,99758.68237475582,10123.114615690201,749.0397799967598,9,2,802.3280412196035,33,1,BR002,Withdrawal,0,0
2451,29,101124.5327309888,0.0,443.7095237035422,130,2,595.6638663783422,37,1,BR003,Withdrawal,0,0
2452,47,81579.73427598365,26556.33511319894,527.8564834566511,78,4,730.1412441673987,2,0,BR003,Bill Payment,1,0
2453,58,59827.22068391954,22924.450836250115,354.08585400396754,141,3,743.9484702713609,2,0,BR003,Bill Payment,1,0
2454,18,35047.60860507996,18163.172211045574,238.83425804615706,2,3,645.8243767416635,26,2,BR003,Transfer,0,0
2455,22,75514.76530134595,11994.96240320867,569.2696712755084,176,4,627.3385888305527,1,2,BR001,Transfer,0,0
2456,37,87413.86575342077,17148.110222472395,28.137147657963485,74,5,770.2021949919109,2,0,BR003,Bill Payment,0,0
2457,25,103449.12421422565,10662.410472565329,447.31470659335724,131,4,629.6397472188299,16,0,BR001,Deposit,0,0
2458,60,44100.925006570804,3240.651805641015,2351.898842331554,134,2,656.5335241474603,38,1,BR002,Transfer,0,0
2459,29,59642.419437924116,20607.014383543315,606.0002080283282,87,2,761.1116273721823,37,0,BR004,Withdrawal,0,0
2460,18,44234.97901069737,11544.07209076011,137.3137209416954,5,3,701.4318863477317,39,0,BR001,Transfer,0,0
2461,74,51063.4841663877,16697.49568192909,130.19206560106738,131,2,573.1999432659627,18,0,BR003,Transfer,1,0
2462,71,79616.5257531838,10909.890834962105,440.10779714124754,138,4,821.294140118746,18,0,BR004,Transfer,0,0
2463,37,50055.295073953814,16156.374438421593,904.7855943728866,171,3,661.8992468854024,4,1,BR001,Transfer,1,0
2464,45,46866.03409902579,11869.565424080252,345.0523498082846,147,4,670.8069897065508,4,0,BR004,Bill Payment,0,0
2465,74,82533.90900189005,11167.051331194125,299.8043015153398,14,4,716.9048976628455,13,0,BR002,Transfer,0,0
2466,60,74916.25338095803,12269.906359297685,69.92431757366482,149,3,742.7553757902851,26,1,BR003,Deposit,0,0
2467,54,72700.24635457384,38647.82721416741,502.7482950391291,124,5,836.2773003904026,35,1,BR002,Transfer,0,0
2468,64,50636.47811962055,19221.662873837435,484.6657496862666,43,2,582.7952295416012,39,0,BR004,Transfer,0,0
2469,54,93446.51212072345,35274.5212520957,1363.9103366704685,28,1,756.8166546248162,34,2,BR002,Withdrawal,0,0
2470,29,65318.7843410354,11927.078273926354,142.7798122569212,149,1,751.0106785835054,20,0,BR003,Transfer,0,0
2471,54,117364.18305260493,9218.478275719313,564.965778067965,164,1,689.3984562388118,4,0,BR001,Withdrawal,1,0
2472,66,68545.65572834098,2332.2264746207165,227.7106039584416,24,2,754.1091586371356,23,0,BR002,Withdrawal,1,0
2473,66,18000.0,26429.08076960304,327.0062534773898,166,5,764.3991812345582,38,1,BR003,Bill Payment,0,0
2474,73,18000.0,3853.3358356580466,678.1156699933881,17,4,602.2626050509097,23,0,BR004,Withdrawal,1,0
2475,61,78726.89872060031,28286.04681648021,100.40895438152613,150,3,821.4836554116581,39,0,BR002,Withdrawal,0,0
2476,73,93610.87135127772,2854.305023067318,167.9485971291647,83,5,589.8866422803301,12,0,BR001,Deposit,1,0
2477,45,47755.78114167531,19979.938817691844,593.6663869789888,45,1,619.5278603132858,37,0,BR002,Deposit,1,0
2478,64,111221.53300109733,0.0,338.01422279921377,74,2,680.6748628463133,0,0,BR004,Withdrawal,1,0
2479,32,101585.97661387027,8022.398685684021,38.790710560329416,139,2,833.745835923094,38,1,BR004,Bill Payment,0,0
2480,23,69632.02879570525,12198.73376501692,224.97802135897018,61,3,677.422035917263,9,0,BR004,Deposit,1,0
2481,61,76867.9867318349,6622.580858668615,353.3680871546648,38,4,696.7646276964432,1,0,BR002,Deposit,1,0
2482,37,84679.66478254736,10476.060583494358,961.0387154074973,66,5,799.2455022733194,15,0,BR002,Bill Payment,0,0
2483,67,106579.88774105134,10519.094049790248,83.54246649756476,33,5,677.9777300204169,36,1,BR002,Transfer,0,0
2484,31,80006.9912684028,19262.401950270578,655.8618873026252,43,5,616.5094300948527,15,1,BR001,Deposit,1,0
2485,19,69134.49634996528,0.0,55.99204868504781,159,4,669.793561533318,22,1,BR003,Withdrawal,0,0
2486,26,79790.62634690627,6933.722447747422,110.95313555038125,112,4,794.9554283664045,25,0,BR002,Withdrawal,0,0
2487,54,76821.92619188297,23291.727129938605,111.53856008419626,35,4,703.9605497938595,15,1,BR001,Withdrawal,0,0
2488,37,85337.02412004987,17062.31930984935,839.7897736404275,37,3,834.1460781339382,26,0,BR004,Bill Payment,0,0
2489,43,30459.487552250197,23441.576359143124,88.7665678268721,175,2,750.6554448383508,29,1,BR002,Withdrawal,0,0
2490,46,71948.77589884402,18829.104192954164,618.511499967395,100,1,653.8633744524561,32,0,BR002,Transfer,1,0
2491,18,75129.6911667542,2248.364036911702,247.81487250708412,23,4,702.5753413125555,31,2,BR002,Bill Payment,0,0
2492,72,63397.36232485222,17948.074540076188,2801.1640191620795,164,2,639.2747317300684,8,0,BR001,Deposit,0,0
2493,52,82251.66177278629,12901.735200834864,730.7677560635933,168,4,652.2096878545862,10,0,BR002,Bill Payment,0,0
2494,23,107265.68765251891,32412.55198613692,538.373003491364,89,1,900.0,36,0,BR002,Withdrawal,0,0
2495,54,68040.7768842977,19219.481242449685,818.3293873162559,15,4,770.3037157023667,5,0,BR003,Bill Payment,0,0
2496,70,80217.86377556919,16710.306669098405,402.08199557329516,165,2,759.2768592304672,29,1,BR001,Bill Payment,0,0
2497,22,100337.82472993416,18024.8183700718,742.2690510911971,132,3,655.3773779284355,39,0,BR003,Bill Payment,0,0
2498,50,68554.41913072082,16219.609874999613,121.05160803046499,150,1,808.8708846396755,14,3,BR003,Bill Payment,0,0
2499,66,45453.809548106205,15976.210149714656,41.12471151335941,22,2,775.9590921255055,29,1,BR003,Transfer,0,0
2500,68,78547.13467993433,9603.359675427733,382.7742708760315,78,5,830.713490255044,17,0,BR003,Bill Payment,0,0
2501,31,18000.0,16819.255983180003,228.15268813360566,145,5,827.3179903878914,11,0,BR004,Withdrawal,0,0
2502,29,18000.0,20536.200122454262,222.35764549041437,72,5,595.4637498331734,3,0,BR002,Deposit,0,0
2503,59,72326.26503655767,21542.952621288765,299.2507803937804,98,3,621.3112357511066,15,1,BR003,Transfer,1,0
2504,37,18000.0,20452.05137643162,179.37990803195893,90,4,628.7348529175455,22,0,BR001,Bill Payment,0,0
2505,70,36066.3096665798,25572.57281536865,393.4634676872454,109,4,632.9241549667294,10,0,BR002,Deposit,0,0
2506,67,56637.8316027729,22106.029109735326,12.41812997487804,94,4,721.6416654982273,23,0,BR003,Transfer,0,0
2507,41,49128.84030559049,17656.66122690693,1401.1770013860364,80,3,659.3237583532928,21,2,BR003,Withdrawal,0,0
2508,60,61748.25692196341,1707.0528030266814,1034.5578270331264,94,5,844.0818978533763,38,0,BR001,Withdrawal,0,0
2509,51,89483.14309690693,1710.5850945382408,1095.0132072486317,80,4,832.3275917457147,14,1,BR004,Deposit,0,0
2510,42,70246.57785000648,9766.790370647843,181.65431398433861,38,3,698.5476884144672,14,1,BR001,Bill Payment,0,0
2511,67,46534.951160851895,12420.783174429469,303.6216054996135,152,3,835.8728351304853,9,4,BR004,Deposit,0,0
2512,46,94797.70360125406,24582.01378082936,1232.7828470246488,134,2,803.1694239068141,27,4,BR004,Transfer,0,0
2513,74,33565.1407960278,0.0,930.5300950835014,134,4,667.4505408575919,35,0,BR004,Deposit,0,0
2514,56,69881.4371929862,2701.1436353121408,624.7250389583653,26,5,558.3549259182107,16,0,BR003,Deposit,1,0
2515,48,31118.1085497425,10252.011769816472,209.24808392650266,101,1,683.742213052749,35,1,BR003,Bill Payment,0,0
2516,73,70550.99392607187,3028.2813423058033,332.3565493123105,169,3,653.876450824507,21,0,BR004,Withdrawal,1,0
2517,64,57990.197114362854,4817.0339546676205,629.8454980851441,75,2,713.4553937602082,22,1,BR004,Bill Payment,0,0
2518,60,88809.23405358009,7507.541137031076,127.53812065592376,38,1,705.2459800812325,28,2,BR003,Withdrawal,1,0
2519,67,80855.16836627305,3487.56722333158,393.8806893188657,83,3,703.411236122946,21,1,BR004,Bill Payment,1,0
2520,40,52082.934696183416,5048.181053260712,703.951617116569,171,2,735.6579318965415,10,0,BR003,Withdrawal,0,0
2521,61,47863.32790204269,24269.093073250067,491.6544264299982,143,4,614.1234637041425,35,0,BR004,Bill Payment,0,0
2522,55,58067.871873293596,17528.86506145781,261.1712718762188,56,2,727.7952194298796,28,2,BR003,Withdrawal,0,0
2523,37,106262.57212075547,18875.490102678035,351.4133967409164,105,3,668.2268692888096,31,0,BR001,Withdrawal,0,0
2524,40,100619.50658437778,11692.895182878403,1792.316227462668,31,4,712.9987539904581,13,0,BR004,Withdrawal,1,0
2525,62,43698.09992188969,21099.946914045853,368.5090429809444,179,5,766.0186891662534,17,1,BR004,Withdrawal,0,0
2526,69,82604.95743602965,19630.184861755057,615.9978644548137,152,2,613.2920158745279,37,0,BR001,Bill Payment,0,0
2527,33,26908.508564260155,17386.84122996325,518.7347124975092,58,1,679.3094443131301,36,0,BR002,Transfer,0,0
2528,67,55158.46585673797,6112.523503721003,483.58156315242616,73,4,690.7026036179795,33,0,BR004,Withdrawal,0,0
2529,59,44593.584237025905,8021.665664491121,504.03255029128707,132,4,663.0011719900551,22,2,BR002,Withdrawal,0,0
2530,72,88524.14806659371,21523.17088859132,242.3548180783718,10,5,761.988064729307,31,1,BR001,Withdrawal,0,0
2531,25,36604.21456465493,7349.396326941404,257.1034507645332,73,2,648.572814883967,2,1,BR004,Withdrawal,1,0
2532,67,74445.70517929438,403.28277361989785,252.34152417610233,15,1,660.1219720390363,21,0,BR002,Withdrawal,0,0
2533,38,65015.622674451195,7175.837327124196,13.528045670904435,98,5,649.3056606933554,22,1,BR004,Deposit,0,0
2534,18,61140.125745950776,26034.65113997207,110.33583180409612,63,2,775.4438788007161,3,1,BR004,Deposit,1,0
2535,72,101774.82491637676,7184.670020475629,67.16112649169713,19,1,664.5289121311448,12,2,BR003,Withdrawal,1,0
2536,25,103713.33823135485,14948.893127880232,870.1872313209252,113,1,731.2031773618489,31,0,BR002,Withdrawal,0,0
2537,46,61823.35799403463,6458.808671656967,128.61654874070243,63,3,837.2993570861051,28,1,BR003,Withdrawal,0,0
2538,49,57389.84138680013,18870.829990368293,59.6054549052004,116,1,693.762710575459,39,0,BR003,Transfer,0,0
2539,55,31848.786986330328,16831.192716327205,51.027422590085756,21,2,776.844247602321,39,3,BR002,Bill Payment,1,0
2540,22,64906.30228073738,0.0,481.57556802955037,162,5,815.9947858865189,9,0,BR002,Withdrawal,0,0
2541,64,107972.6716264118,14412.28788377382,5.0,145,5,770.9034092028289,12,0,BR003,Transfer,0,0
2542,39,62167.82253038569,0.0,254.93697655907494,146,3,697.8239078815582,16,0,BR004,Transfer,0,0
2543,64,81032.70422916315,7013.389823139813,50.620543636636015,81,2,743.9475431299029,37,0,BR004,Withdrawal,0,0
2544,51,34255.05887377619,11897.094750308603,757.9513400533965,66,1,608.8834984805258,1,0,BR001,Bill Payment,1,0
2545,18,55434.951545860764,28621.793239162467,1272.3465346389362,179,3,644.3969789295033,16,2,BR004,Deposit,1,0
2546,72,75174.23672765832,14861.21218589259,1275.2864322814921,65,4,656.6727372857657,25,1,BR002,Withdrawal,0,0
2547,72,67328.97275705716,5096.2252146326155,233.3327991141598,43,2,855.8428484121997,37,0,BR002,Withdrawal,0,0
2548,43,83142.68135703236,9145.109077350597,413.7086923387391,57,3,642.1190840021313,36,2,BR001,Deposit,1,0
2549,60,51741.2185397094,20317.770969982535,366.2205386254867,138,5,641.0766274116719,4,0,BR002,Bill Payment,0,0
2550,27,26500.25192587936,5218.348424340295,172.33710646780634,37,3,625.9255313825712,24,1,BR003,Deposit,0,0
2551,47,89685.98506708995,21872.806482013417,234.8411932890659,176,4,738.1868233351532,8,0,BR001,Withdrawal,0,0
2552,67,44404.71563604001,7292.53849757344,26.59427707804099,120,2,708.9834974868218,27,0,BR001,Withdrawal,0,0
2553,35,76145.28860504365,3762.1276003909406,635.264416930536,69,3,775.0731283918595,21,1,BR004,Transfer,0,0
2554,34,74918.85106274513,7580.973351875063,110.19786312912126,56,1,745.9881766254148,28,1,BR004,Deposit,0,0
2555,43,28397.42970929618,0.0,246.86526227609917,119,2,602.3727107293153,34,0,BR003,Transfer,0,0
2556,25,88080.75917928056,0.0,262.04835957985637,164,3,642.490556099274,19,1,BR003,Transfer,0,0
2557,64,52535.52172036268,11257.18149611227,329.0397803038901,159,3,794.5730123793076,4,1,BR004,Transfer,0,0
2558,57,66211.20168371315,11394.319094907962,681.2284030862651,55,2,684.7691228796236,38,1,BR004,Transfer,1,0
2559,66,57119.98359275776,14308.156060829997,470.9077427522992,38,5,782.1314272612609,31,0,BR003,Deposit,1,0
2560,29,100697.013049124,11212.732337469846,435.1437822149246,15,1,688.5223336459278,38,1,BR004,Deposit,0,0
2561,44,94556.78458004938,32963.2781169524,299.2487885429238,144,2,631.2640500198036,9,0,BR001,Deposit,0,0
2562,25,25128.639157044112,13515.684089454275,40.350790457803534,77,1,677.7717455633306,39,1,BR003,Withdrawal,0,0
2563,42,114694.19668198015,0.0,205.6714767088358,53,1,631.2365143115213,16,0,BR004,Bill Payment,0,0
2564,63,50077.25188466568,1920.76629867675,1261.580432178704,7,2,659.4113066318304,36,2,BR002,Transfer,1,0
2565,21,111253.60689360043,12002.742024138553,2165.767502727906,55,3,713.0647994595672,14,1,BR002,Withdrawal,1,0
2566,50,59363.38941292034,8081.160441973765,524.472003849961,52,5,734.8123563258314,8,0,BR003,Deposit,0,0
2567,18,57499.83246597743,943.6809255288208,103.2570560294988,4,1,587.6866073721991,31,0,BR002,Deposit,1,0
2568,36,59558.7898722879,11470.367256304233,42.98537721680783,43,1,697.7842394743632,22,0,BR002,Withdrawal,0,0
2569,48,56182.62781045122,11601.981935558922,214.29628312208945,40,3,657.9368985108173,10,1,BR001,Transfer,0,0
2570,33,120536.72383211087,26361.243601470436,776.7685724373491,121,2,653.6109633728831,12,2,BR003,Deposit,1,0
2571,31,63320.009614946044,3755.1926359011377,511.8583755168075,30,5,708.2879233393154,17,0,BR002,Transfer,0,0
2572,70,58349.47848414883,8240.449746826445,861.294612960904,138,1,660.4683689117552,8,1,BR004,Transfer,0,0
2573,65,66694.23666484476,26333.547501860685,382.6121528726094,103,1,795.7496596392672,4,0,BR003,Bill Payment,0,0
2574,22,43718.62566765648,14957.275871375481,55.8558276564858,7,2,782.1643313375743,21,1,BR003,Deposit,0,0
2575,58,100136.65175438552,3702.407452325564,48.77484591240485,164,3,781.7279805759428,31,0,BR002,Withdrawal,0,0
2576,43,32636.22161475111,5567.4103394018175,19.677065169129705,163,4,664.3562863156789,1,0,BR002,Bill Payment,0,0
2577,45,51491.81064442908,1072.571204688049,334.88090303324907,167,3,631.6250815556474,20,0,BR001,Transfer,0,0
2578,19,85606.52681662943,12695.453649062942,111.29670198655116,164,1,704.7420950571681,27,0,BR004,Withdrawal,0,0
2579,67,65931.74687688351,21280.43986352104,530.2809087969806,109,1,688.4756143599612,23,2,BR001,Bill Payment,0,0
2580,23,77082.73401500103,26678.11148069093,463.66343363917616,20,5,656.3823786303644,23,0,BR001,Bill Payment,1,0
2581,26,98729.61056707946,0.0,153.15520528855237,49,3,616.6985887333127,13,0,BR004,Bill Payment,0,0
2582,50,87083.63406331456,19822.05513284997,77.8232475350409,96,4,696.093742151235,36,0,BR002,Transfer,0,0
2583,58,68024.47959310519,13478.815180204934,43.2124535660834,59,5,670.7151384823269,26,0,BR001,Transfer,0,0
2584,42,110965.53829673957,9642.626716469273,534.720290254874,177,4,747.1842925926613,23,0,BR003,Deposit,1,0
2585,65,51176.60472648287,8243.957641086154,239.45565289696583,90,5,745.5574236065036,5,1,BR001,Bill Payment,0,0
2586,30,62793.18789816384,0.0,156.34682055416235,26,3,776.0559863795902,25,0,BR004,Withdrawal,0,0
2587,26,64330.31270693914,17741.987661614214,776.9948499747718,36,1,610.8493113683974,14,0,BR001,Transfer,0,0
2588,70,62746.72114762645,130.28901740985748,360.1799617331079,171,4,727.0740815385543,28,0,BR001,Bill Payment,0,0
2589,30,41477.365546854475,5266.2376644806245,291.9264048956413,126,3,648.077400563643,35,1,BR003,Withdrawal,0,0
2590,48,30159.70384646904,15761.861710979667,544.0622534348711,43,4,613.571005243224,9,1,BR004,Transfer,0,0
2591,58,74178.43463634225,0.0,676.222616657933,99,3,668.9978434135903,27,2,BR003,Withdrawal,1,0
2592,28,51063.576717885546,112.85451466770246,463.4381197083865,33,5,773.8093486094233,8,0,BR002,Withdrawal,0,0
2593,21,106971.79335758816,22967.96393229186,231.93191141189112,100,3,672.937715250066,20,1,BR004,Deposit,0,0
2594,51,63404.06888882473,13098.529916154564,190.76218418303466,97,5,808.5818261971378,9,1,BR001,Transfer,0,0
2595,55,59467.23633518721,6040.187695880642,590.7764639232269,173,1,737.4214960864233,3,0,BR003,Transfer,0,0
2596,63,89075.4753008584,13133.965388731587,291.84742827980284,45,5,671.4136664713596,3,0,BR003,Transfer,1,0
2597,21,73848.23802384987,18025.28703758763,487.48039813534285,88,2,780.2033900234486,5,1,BR004,Transfer,0,0
2598,55,61138.61658868493,22122.911021139087,884.3627423976585,143,1,730.177774048,25,0,BR003,Deposit,0,0
2599,36,50903.90154918225,1988.0834217619013,990.2549438173036,95,3,633.7208428087306,39,1,BR004,Deposit,0,0
2600,23,145469.43968797964,2776.456533790397,130.1345464644362,17,3,829.1161844906361,15,0,BR002,Bill Payment,0,0
2601,51,72959.28676975826,17475.089688108543,83.24776751306901,140,2,717.1635176160534,7,0,BR004,Transfer,1,0
2602,35,88857.45070245671,17763.71311650091,121.13851356344978,22,3,700.3157334389845,27,1,BR004,Withdrawal,1,0
2603,30,42495.198554863106,0.0,556.7186210372907,151,1,639.1127131066069,15,0,BR002,Deposit,0,0
2604,58,52284.32149867916,3114.203920600825,184.85103381924898,90,1,781.5676787325417,37,0,BR002,Withdrawal,0,0
2605,40,111471.60954238634,10256.274292246915,76.16856368744004,78,5,735.2092799152914,0,1,BR001,Withdrawal,1,0
2606,36,95732.48066582397,12212.1861998746,41.42729022209884,140,4,743.0466726206669,18,0,BR003,Withdrawal,1,0
2607,62,75067.68628213223,12467.368895740783,158.59016798188287,114,3,663.4728059531963,16,0,BR002,Bill Payment,0,0
2608,28,56605.44038046549,0.0,58.53617588825849,68,2,757.3870400337048,27,0,BR002,Bill Payment,0,0
2609,18,59851.21301695533,12376.44993453139,68.0182205085191,110,1,762.8269515499561,11,2,BR003,Transfer,0,0
2610,41,50125.56382436516,5543.663746166017,460.6583840592868,179,1,652.1855232853214,5,0,BR003,Deposit,0,0
2611,71,39549.31473694989,1503.1413606870356,7.971749163935621,125,1,599.8106902223307,6,0,BR001,Transfer,0,0
2612,24,85324.5720537423,11901.035564297681,50.02273804506059,141,4,739.6961141537247,7,0,BR001,Bill Payment,1,0
2613,42,76854.28690142528,10983.057332810862,744.0979651963981,57,4,588.8657135275982,2,0,BR004,Bill Payment,0,0
2614,38,81193.73395953,19215.239144303792,745.510410168058,55,3,709.6411044486446,20,1,BR001,Withdrawal,0,0
2615,32,57588.24426483019,4251.284694628901,159.73962696726062,82,2,667.6928426648885,7,1,BR002,Transfer,1,0
2616,18,70624.0574529296,14116.533932807226,36.82550572949539,107,4,784.3065647552245,27,1,BR002,Withdrawal,0,0
2617,29,55495.03717056904,0.0,488.2717457332278,156,5,671.5009276462955,29,0,BR003,Bill Payment,0,0
2618,24,48999.22261905326,9526.298905087287,178.59715437881323,102,4,776.5091080402663,31,1,BR001,Transfer,0,0
2619,32,101675.37359512786,16173.1005149609,18.612231009760496,172,1,663.0053388945881,10,1,BR004,Transfer,0,0
2620,38,67673.16053049635,16932.19104407218,68.70792018275142,147,2,768.9993703541728,19,0,BR004,Deposit,0,0
2621,36,76163.99544230389,16993.504163717782,59.035812773950546,174,3,843.2239080685782,15,1,BR004,Bill Payment,0,0
2622,46,83386.58830486503,19239.38217525299,355.77807182626884,111,4,624.2367003143631,24,2,BR004,Bill Payment,0,0
2623,42,67948.89949712653,7987.891495327858,913.5743644349521,107,1,719.4425005211635,8,1,BR003,Deposit,0,0
2624,50,70293.9203685534,16461.528945806676,630.1538133392645,102,5,891.4147691137046,38,2,BR001,Bill Payment,0,0
2625,66,41094.246107018436,28818.702862874597,316.3181561862812,3,5,703.6612178832045,39,0,BR001,Withdrawal,0,0
2626,49,45285.46937439512,7795.806153547538,219.37995911236862,148,3,703.3251789160754,39,2,BR001,Withdrawal,0,0
2627,66,44148.075387174176,24421.782143082288,385.6430924112299,25,3,754.1949263145714,2,5,BR001,Withdrawal,1,0
2628,52,78320.08517005178,19888.25659987532,234.66009785457973,75,4,701.8756604866328,15,1,BR004,Transfer,0,0
2629,61,66559.59436208544,9603.089108914372,112.99775276756527,61,3,579.4941803800614,11,0,BR004,Withdrawal,0,0
2630,55,45287.305597157065,10354.120489401508,454.77178833103807,123,1,778.2601162387257,14,0,BR003,Bill Payment,0,0
2631,43,77762.17451597455,13065.621237004974,826.1963489188414,55,1,558.7936110294365,3,0,BR003,Deposit,1,0
2632,28,76956.04214099034,19381.484946284403,186.64078024393606,163,1,669.8245844203161,22,0,BR004,Withdrawal,0,0
2633,52,49710.74819141398,15623.711683801619,736.8973653955491,39,4,783.5198024409653,26,2,BR002,Withdrawal,1,0
2634,25,64387.794018155975,7725.021625036357,225.60761976964864,83,4,674.042029995005,38,1,BR001,Transfer,0,0
2635,63,77037.11685133049,0.0,205.2218712380343,34,3,650.4412455274917,36,0,BR003,Bill Payment,0,0
2636,31,46116.18220937268,18049.56563026937,11.493292556958432,113,4,760.5484733616593,12,1,BR004,Deposit,0,0
2637,27,77456.98882771091,0.0,475.3433405737451,169,1,639.4219649215929,36,1,BR001,Bill Payment,0,0
2638,19,71622.51929159835,0.0,659.0688971258951,150,2,613.4441996285632,39,0,BR001,Withdrawal,0,0
2639,63,43017.606478977425,8377.705247684888,435.73051837573223,27,1,718.2159791245299,20,1,BR004,Bill Payment,0,0
2640,26,69835.52816995824,1073.2926029786431,65.64853277749678,149,2,686.1953691111187,28,1,BR002,Deposit,0,0
2641,20,73044.2689064299,14857.755850231422,43.610654425685034,169,3,611.942882006781,28,0,BR002,Withdrawal,0,0
2642,38,51227.97522494642,9334.306203444634,340.2562111963359,31,5,743.5866777996409,10,2,BR003,Bill Payment,0,0
2643,43,52959.7597029434,19067.078823802098,205.3423650224311,155,4,731.5141323904064,27,0,BR004,Deposit,0,0
2644,25,42814.76151951382,0.0,224.21493341117502,165,4,673.8171488376057,9,1,BR003,Withdrawal,1,0
2645,65,55122.022679274334,6042.920554318816,1374.318595714984,137,1,678.6067595712537,4,0,BR002,Withdrawal,0,0
2646,19,64734.19577038275,12037.794395963061,514.8297102681871,83,1,731.927491940641,24,1,BR003,Bill Payment,0,0
2647,23,53020.51250872495,12384.553174553603,212.26696339279943,170,2,782.3252993826446,32,0,BR003,Transfer,0,0
2648,45,32332.46623863448,18246.3276492905,7.71361089239665,164,4,679.2044752923473,16,0,BR002,Transfer,0,0
2649,70,49851.06345799421,3768.7027764581035,13.876206311073268,10,3,744.8281945105701,32,2,BR001,Deposit,0,0
2650,46,55819.57365013595,7787.907434973006,461.8238583327683,40,1,738.5640151959219,24,0,BR001,Bill Payment,0,0
2651,43,82970.45161190954,16566.146947923327,727.4190588065942,54,4,760.5515104896283,32,0,BR002,Deposit,1,0
2652,42,78084.82812509248,0.0,491.9934411880023,167,5,701.7516439120426,8,0,BR001,Bill Payment,1,0
2653,29,83396.86373525005,15464.417267030634,208.2748035171642,135,2,635.137214015355,26,0,BR004,Deposit,0,0
2654,22,48741.5842660227,18875.5375412543,12.652302930901646,4,1,666.6250592760022,24,0,BR001,Deposit,0,0
2655,51,68114.11713974555,0.0,1369.3971996302055,143,1,722.9997426047154,3,0,BR002,Bill Payment,0,0
2656,65,18000.0,9164.793465434883,1717.1980763946283,176,3,826.2925064867115,8,1,BR004,Transfer,1,0
2657,54,74436.24875998175,25433.938348564327,318.83863376115926,6,1,665.1186263762605,14,0,BR003,Deposit,1,0
2658,32,78439.74882581754,17938.454679580333,29.316968252715313,73,4,755.335121046918,15,1,BR002,Bill Payment,1,0
2659,61,57264.24630705967,16022.750456737796,311.45806829881667,163,4,676.0360484526268,15,0,BR002,Bill Payment,0,0
2660,53,71499.45585787919,20918.633836120378,891.5051826379911,58,4,706.7328129120295,12,0,BR001,Bill Payment,0,0
2661,32,31671.66594185884,28240.906058512526,455.7556013456715,77,5,805.0777724484515,13,1,BR004,Withdrawal,0,0
2662,60,47376.526211203876,12166.806628365346,509.17088638202557,19,5,752.5004806994303,21,0,BR002,Bill Payment,1,0
2663,65,81839.88324551006,8335.298962001778,35.51929987800637,62,1,612.109050908133,20,0,BR004,Bill Payment,0,0
2664,40,76247.57212787063,20896.845698765384,45.0487874262942,71,5,658.9267483331887,8,0,BR004,Withdrawal,1,0
2665,23,55939.20075701511,10312.92177645441,54.48772708752953,138,5,786.9354941108951,3,2,BR001,Withdrawal,0,0
2666,63,82849.97098290363,3647.832077829509,938.9360650236331,25,3,708.9314629839947,9,2,BR002,Transfer,0,0
2667,67,68042.55856959804,7139.403723114815,298.4923138078149,172,5,618.5811916268896,34,0,BR004,Bill Payment,0,0
2668,61,53907.1387937125,14810.96623852543,627.2705908673729,127,2,641.6733288518395,8,1,BR004,Deposit,1,0
2669,60,60977.799166727535,7953.637778302072,48.99871814199159,58,2,748.244546589782,15,0,BR003,Withdrawal,0,0
2670,62,54980.810791146214,8625.222773148776,1050.4556034858042,153,2,768.6087196852341,17,0,BR001,Withdrawal,0,0
2671,38,38956.929081992384,2754.1576681931638,688.465438248069,120,1,700.2498711037522,9,0,BR002,Transfer,0,0
2672,40,92647.08772984623,24918.298645825307,101.83518664217756,111,4,872.2719660655272,20,0,BR004,Transfer,0,0
2673,60,52503.462467563,8916.35952281276,829.1682859639956,168,3,756.6906654418947,14,0,BR001,Transfer,0,0
2674,72,46688.064285467946,5596.401264462843,122.30733053581721,76,1,681.9563251256969,14,1,BR002,Bill Payment,0,0
2675,33,31354.336948706106,6553.89474054948,91.9363107688974,70,4,641.900576633046,10,1,BR004,Bill Payment,0,0
2676,64,18000.0,19222.7337746593,122.74266043057251,138,3,630.7580986752671,39,0,BR002,Bill Payment,0,0
2677,70,80432.93109861772,17158.78720652846,962.9785745152485,66,3,722.4794924336259,36,0,BR002,Withdrawal,0,0
2678,32,82459.39111479666,7483.307662714146,988.8371694135433,120,3,664.7856068560616,19,1,BR001,Transfer,0,0
2679,42,91246.84886108358,12290.817341778778,159.59193799719088,153,2,816.1620627788398,33,1,BR001,Withdrawal,0,0
2680,53,61721.13504425599,14490.339814672363,488.90112828165616,87,2,801.6418262042502,21,0,BR003,Deposit,0,0
2681,28,57916.1643995409,5663.27376744955,450.4903290515031,139,2,743.3146583248059,17,0,BR003,Bill Payment,0,0
2682,68,53830.09150733089,0.0,657.1205996674179,122,3,616.4702678930173,15,0,BR003,Withdrawal,0,0
2683,32,55835.73214355954,16635.3367748812,140.68036265197406,164,3,651.9446789213316,4,3,BR004,Deposit,1,0
2684,21,89635.38771628411,6161.392524015522,285.4530665792853,49,2,786.897426801877,0,0,BR003,Withdrawal,0,0
2685,38,64416.66452796292,15963.135153455274,440.655486683933,48,3,659.5853660143429,18,0,BR002,Deposit,0,0
2686,30,73317.55751203086,14889.239780227888,10.643073780245048,115,2,777.5499213743667,9,1,BR001,Withdrawal,0,0
2687,39,55275.84969687112,12502.130711299604,189.1157994834197,87,2,732.2222746124332,20,0,BR002,Withdrawal,0,0
2688,36,94058.65393685555,8164.855660892983,476.14416020610867,7,2,702.6202519369231,12,1,BR001,Bill Payment,0,0
2689,51,23095.744652435736,6294.645997357628,116.4592786739556,77,4,649.8017030945191,23,1,BR001,Withdrawal,0,0
2690,31,38148.468156202995,1754.2433546739849,1265.2261159982463,179,3,692.4029309532674,22,0,BR002,Withdrawal,0,0
2691,21,73353.63153316028,6467.268410498201,12.250233481059373,145,1,712.2753568412429,22,1,BR002,Transfer,1,0
2692,65,103513.43652708059,17119.33510395169,1268.8654853175474,160,2,771.2777228810785,10,0,BR004,Withdrawal,0,0
2693,70,60047.79560530705,24580.431679115944,97.72842201329439,154,1,636.9985079556371,1,0,BR001,Bill Payment,0,0
2694,69,46467.84227399844,23259.894080180868,20.021642651965273,121,4,680.6028210231719,5,0,BR003,Withdrawal,0,0
2695,63,87014.57951348356,13308.80714557392,138.39237919229447,124,3,702.1376192352599,10,1,BR004,Bill Payment,0,0
2696,44,72121.36572432778,24575.646546134732,617.2397311225141,150,2,745.3874850380315,14,1,BR003,Transfer,0,0
2697,46,93384.70386387338,9238.64134925298,558.4441628159275,141,2,635.4074963734056,8,1,BR004,Bill Payment,0,0
2698,64,36612.27613562448,380.5798573643642,93.70223296546594,125,2,606.840114497895,11,1,BR001,Transfer,0,0
2699,45,91656.70669224038,29287.86977289248,87.6556984981467,12,1,746.1775606197035,35,0,BR002,Transfer,0,0
2700,52,30933.93595109802,16795.274578110933,411.5373930196104,71,4,592.7435619537308,27,1,BR002,Transfer,0,0
2701,25,58660.21278459292,0.0,245.05674126356834,1,3,788.9485800333517,22,0,BR001,Transfer,0,0
2702,33,74081.22056212637,26031.437207736257,628.6448712840887,161,4,688.0851731761965,26,0,BR002,Transfer,0,0
2703,59,69092.29432038007,5309.197634020945,9.77149822648174,119,2,590.6728242407887,23,0,BR001,Bill Payment,1,0
2704,53,88333.03139161206,7267.059680473802,377.0660604431166,142,4,665.3705846417554,13,1,BR001,Transfer,1,0
2705,47,24813.47962579708,21192.448251748843,524.7301427005583,111,1,725.5386543148466,34,1,BR001,Transfer,0,0
2706,35,68102.16455337881,24255.364022910253,2007.433441070967,64,5,661.7109238711515,26,1,BR004,Transfer,0,0
2707,19,91392.12472124683,2993.34874402863,454.2537226971449,43,5,700.4020824177044,20,0,BR002,Transfer,0,0
2708,66,66304.47299558613,25238.91685824101,105.50557883251777,41,3,750.8054855993701,12,1,BR004,Transfer,1,0
2709,30,39868.52704513255,19868.13116768497,45.79916273832993,115,3,684.8466765228666,7,1,BR003,Deposit,0,0
2710,21,87165.16268618636,4802.26069255223,409.6804367429079,39,4,633.4059626473706,33,0,BR001,Withdrawal,0,0
2711,43,50737.174056838696,9786.843621448459,296.2490604424562,1,3,678.0711201839712,22,2,BR002,Withdrawal,0,0
2712,42,46864.89373461668,25645.223069162017,917.6297188920475,41,1,798.0388095521482,8,2,BR003,Transfer,1,0
2713,47,44097.01343656285,0.0,518.7394775008252,173,2,816.9545041733229,0,2,BR001,Transfer,1,0
2714,28,60628.92751512282,24426.429383029972,285.1297655220935,88,2,557.6051678240408,35,0,BR003,Deposit,0,0
2715,24,69027.32484820316,19617.664150528726,206.7304166378901,98,4,775.3719536434033,15,1,BR004,Transfer,0,0
2716,48,37079.79879653225,16582.2668604363,207.25740007225255,88,2,716.510340122475,24,0,BR004,Deposit,1,0
2717,61,41599.79071194123,13185.261197139067,102.63064690095204,79,4,763.6787875384105,17,0,BR002,Withdrawal,1,0
2718,27,49721.37673103121,29731.241842162304,6.991129176002634,141,3,660.465821781266,33,0,BR003,Bill Payment,0,0
2719,56,43990.24974649391,31061.31240634412,342.1823005981889,71,3,575.2215543348959,37,0,BR003,Withdrawal,0,0
2720,30,65808.68098408746,6462.932249841109,95.5134551931171,137,1,739.9142152053223,2,1,BR004,Bill Payment,0,0
2721,48,72946.87512081937,17509.843085085005,93.44269891674712,99,2,633.1315917102098,19,0,BR004,Bill Payment,1,0
2722,24,69925.22382586505,28869.388474600488,53.58687099237167,151,1,601.8195297960604,18,1,BR002,Bill Payment,0,0
2723,73,69957.30155245165,4934.598770999907,84.08870445126732,175,5,606.7119032268573,12,0,BR001,Transfer,0,0
2724,66,101761.81773634945,14188.256168806893,12.922157887017443,167,1,741.0639647690734,16,0,BR002,Deposit,0,0
2725,59,74321.0391917974,21034.87898054242,448.62724732649343,87,4,708.7616726220438,13,1,BR004,Bill Payment,0,0
2726,59,82247.21345356344,0.0,205.262746475626,154,4,753.7726215312272,29,0,BR002,Deposit,0,0
2727,73,55878.453504906596,19456.997058281006,329.78062651506235,1,1,745.8352678147455,21,0,BR001,Withdrawal,0,0
2728,53,85768.13513855281,2204.11178930642,405.29427870758224,142,3,669.5346504791364,28,1,BR004,Bill Payment,1,0
2729,37,54828.24447654692,13730.982284601014,1437.2032240175092,112,5,694.0668498285781,1,0,BR001,Withdrawal,1,0
2730,21,74051.86320694898,22299.103658026364,28.283107514182902,74,1,663.1993729852222,7,0,BR002,Deposit,0,0
2731,71,34829.928899987586,0.0,216.4573625016625,65,3,684.2770558994157,13,1,BR001,Deposit,0,0
2732,24,68657.15090373867,19072.729989695064,112.89102138386724,69,1,631.2921683413254,33,0,BR004,Withdrawal,0,0
2733,71,43541.634826274574,30344.96086167748,259.04926681705064,67,2,726.3339005712035,12,2,BR004,Deposit,1,0
2734,18,85592.78439864596,7200.291003007225,1012.6599592219579,177,4,774.258452428723,9,1,BR001,Withdrawal,0,0
2735,61,84269.28216397326,17190.211321057115,514.9189619678109,50,2,641.8370879125309,7,1,BR002,Deposit,1,0
2736,73,54734.197473699955,24017.576976294495,433.8240968779537,58,2,788.688875178094,6,0,BR002,Transfer,0,0
2737,62,110090.64842973987,0.0,232.81830123705848,53,5,706.9465047534559,12,2,BR002,Withdrawal,0,0
2738,59,58710.67748374355,18816.327826803776,444.8158108158102,91,3,715.8755283484069,25,0,BR002,Bill Payment,1,0
2739,64,29535.584185204403,21213.896093380026,13.164421341867943,115,4,580.0399336274737,31,0,BR003,Bill Payment,0,0
2740,30,47859.40465202104,17747.581979430903,352.98638955437804,118,2,572.4916383303986,18,1,BR003,Bill Payment,0,0
2741,72,42028.89750812728,12779.604229846094,322.774188676737,57,4,709.0881453945777,14,0,BR001,Deposit,1,0
2742,39,73351.2462392976,2996.2849637448635,170.2510644294009,86,3,754.2812487242405,1,1,BR003,Withdrawal,1,0
2743,71,37822.01341320605,24522.81018182619,90.01520057293136,18,1,652.0033689448534,36,0,BR003,Deposit,0,0
2744,38,53137.291652262604,12310.53208708492,659.1790974081154,16,2,815.9065730408163,18,1,BR003,Bill Payment,0,0
2745,39,71920.14775180894,3865.07628638764,22.146785664691144,130,3,750.4455181978021,32,1,BR001,Transfer,0,0
2746,45,68050.20968365966,9137.76752626888,28.88759840124114,13,4,635.4161123804411,38,0,BR003,Bill Payment,0,0
2747,26,64721.83612848085,15315.469422012093,232.30024609111797,173,3,701.1594066937455,32,0,BR002,Bill Payment,0,0
2748,43,67772.01141896949,0.0,116.43757980073721,80,1,872.3850393606389,0,1,BR002,Bill Payment,1,0
2749,26,56848.9978548316,12161.373173257058,547.306992057661,43,3,612.0205198040206,38,0,BR001,Transfer,0,0
2750,32,29717.45477534073,8248.105046478096,402.25656653303605,54,4,735.9788957240573,27,3,BR001,Transfer,0,0
2751,27,56269.55914361781,24024.2383322939,592.3032009185393,159,2,676.4078813093661,16,1,BR001,Withdrawal,1,0
2752,41,75312.49525493628,0.0,157.0268323763071,137,2,748.4827403642959,5,0,BR004,Transfer,0,0
2753,74,61987.430250593105,20448.818782522358,539.6286256318731,73,5,787.7091552422867,19,0,BR003,Withdrawal,0,0
2754,59,73612.74420887102,24753.853430422634,793.0805496313967,48,4,671.9634037902043,12,0,BR001,Transfer,0,0
2755,25,52090.77335079132,0.0,169.41568265269714,18,5,777.3238590195022,11,0,BR001,Withdrawal,1,0
2756,41,86875.39375731444,0.0,166.14304387746174,11,5,854.4842375990372,29,0,BR001,Bill Payment,0,0
2757,33,18000.0,28073.100419098315,920.8397000396334,84,1,703.6392316140964,20,1,BR002,Transfer,0,0
2758,66,68111.6912843138,3860.6515625736047,20.429013055607076,19,4,753.942208124593,1,0,BR001,Deposit,0,0
2759,43,94675.36763666812,39853.462084396044,172.42974079513513,100,2,657.6691460857708,17,0,BR002,Deposit,0,0
2760,44,97949.36735291217,0.0,50.53039058571442,116,4,700.3481516321849,27,1,BR002,Withdrawal,0,0
2761,54,59899.824276665546,13530.426644884084,11.763528578680656,90,1,686.632743510423,3,0,BR004,Transfer,1,0
2762,21,35823.64057585655,11789.456364725542,47.905235809006946,74,4,754.7855147961017,5,0,BR001,Transfer,0,0
2763,67,95062.4025315539,10126.238091915387,225.72276344870707,24,4,783.3273155029848,37,1,BR004,Deposit,0,0
2764,41,63858.96633027767,16166.661246352043,464.5646977543398,13,5,691.3241605617778,8,0,BR001,Transfer,1,0
2765,36,61502.670136062625,16685.817822561607,136.59205981183575,125,4,806.3535992013046,19,0,BR003,Transfer,0,0
2766,53,45357.19790068992,10491.069156338064,757.9830827875154,116,5,806.103320909314,29,1,BR001,Withdrawal,0,0
2767,56,37502.47542111833,2872.4345055545655,230.22789129435125,174,5,758.2797620225931,36,1,BR001,Bill Payment,1,0
2768,27,77404.9897163358,21429.843278172415,1379.668593678161,157,3,662.878142779479,37,2,BR001,Deposit,1,0
2769,42,79737.17200469052,17652.473967745525,1233.0014959657183,164,1,656.1719828282069,3,0,BR001,Bill Payment,0,0
2770,35,69433.96803958727,13031.253215544668,593.6091369574052,71,5,642.1333051716973,37,0,BR001,Transfer,0,0
2771,36,48190.99280493545,17367.307341756234,1077.6914412730478,126,4,765.4416249166712,12,0,BR001,Transfer,0,0
2772,53,41570.02584759871,18920.473050820172,491.16425148975765,145,5,614.1762254757446,34,2,BR004,Withdrawal,0,0
2773,27,33490.52958516235,5144.411608668121,903.7458404340192,176,5,746.3786357877705,29,1,BR003,Bill Payment,0,0
2774,50,52668.00612628459,17046.123361336256,107.92309241368712,152,5,623.3223456523122,3,1,BR004,Bill Payment,0,0
2775,72,42871.221575522795,7022.678470334917,169.504710480341,119,2,756.6482283889382,24,0,BR003,Withdrawal,0,0
2776,67,27395.186703597,19218.3002092812,559.2335395381409,91,2,700.2053707911392,30,0,BR004,Bill Payment,1,0
2777,22,79329.59027176705,10268.40372219092,221.0489860725992,85,2,792.3546993301879,11,1,BR004,Withdrawal,0,0
2778,64,35980.59504733072,17505.47616313548,726.406357993009,108,2,778.901820482489,14,0,BR001,Withdrawal,0,0
2779,66,86646.29899147614,8095.8423026142955,840.311415069634,127,3,799.4545788401479,25,0,BR004,Transfer,0,0
2780,52,73669.5776224962,17973.321923439056,142.5154272771106,121,5,801.2573102802379,9,0,BR003,Transfer,0,0
2781,61,71475.50612760478,3191.076937955924,693.6622937196718,129,3,709.0541583791738,11,0,BR002,Transfer,0,0
2782,51,101636.79901332202,12325.51991877116,67.01933812855387,6,4,617.8844853502777,21,0,BR003,Withdrawal,0,0
2783,50,36712.34205058045,20825.692635989406,162.70440589513328,78,1,625.3233861501835,39,1,BR004,Transfer,0,0
2784,72,84222.98391307352,16204.841915213325,291.89538082375645,38,3,552.9206029478844,20,1,BR002,Deposit,0,0
2785,38,58451.86339352855,13728.258601042902,102.70276234556499,161,2,623.1433916600334,34,0,BR001,Deposit,0,0
2786,34,121563.54344584988,28232.052056855755,346.30352900309146,116,2,703.8176560393255,6,1,BR002,Transfer,0,0
2787,39,56622.522514937395,21212.731816400297,345.7593715529985,102,4,659.8242073422387,17,1,BR001,Withdrawal,0,0
2788,65,53069.2166052364,19699.859543278144,92.72384477791887,8,5,686.3905076913104,26,1,BR003,Deposit,1,0
2789,54,74361.78704685986,17922.25001024855,635.1514862013998,78,1,733.490079362298,34,0,BR002,Transfer,0,0
2790,32,60404.01229140993,19044.27185021998,399.482698307354,112,3,677.715431935397,1,1,BR002,Deposit,1,0
2791,52,48313.81482940288,26913.91809496948,152.94980790748463,148,5,620.4719839711191,31,0,BR002,Deposit,0,0
2792,45,43653.910753411576,8240.981810511046,105.6824713044271,55,5,695.2736432705598,14,1,BR001,Deposit,0,0
2793,24,97080.49874452288,21084.635687477174,843.9607576767802,48,3,636.1056659259009,23,0,BR001,Bill Payment,0,0
2794,49,39403.84409820018,15208.390998972984,722.5273637951215,88,3,680.0449452114656,19,0,BR003,Deposit,0,0
2795,28,69907.926328371,8551.94216579406,104.42160022018902,10,3,792.9943875096102,9,0,BR003,Transfer,1,0
2796,27,88236.0510717741,11102.474072628485,14.501820855478224,52,3,680.0646287132678,23,1,BR004,Deposit,0,0
2797,26,89298.88967973793,13972.39213391709,652.9446574406353,178,2,822.9670287343422,23,1,BR001,Transfer,0,0
2798,31,51763.64715200832,4260.539390975198,382.3334962592811,34,5,799.2145190856579,23,0,BR003,Deposit,0,0
2799,30,60463.934386233224,19776.114979504022,42.53641094915043,164,5,658.448628399467,39,0,BR002,Deposit,0,0
2800,74,56195.742977683796,11074.33718319865,354.0701559094684,61,2,621.2213363508957,33,0,BR002,Bill Payment,0,0
2801,42,31229.587221350754,12764.362460184062,240.72536602469964,144,5,695.3212086655865,39,1,BR002,Deposit,0,0
2802,19,76825.38242644253,24214.822949350266,595.8633306598643,79,3,779.7329434377822,10,1,BR003,Transfer,0,0
2803,52,65847.0802039658,13167.733847041221,93.82583053338543,18,1,664.6866365639918,25,0,BR002,Bill Payment,0,0
2804,24,96692.87177324134,25974.015999789946,241.43722811369042,71,5,762.5663208783498,0,0,BR002,Bill Payment,0,0
2805,38,46889.487859368695,7276.669419943703,67.95682444731823,175,1,783.5907992395262,29,2,BR001,Deposit,0,0
2806,35,88951.3242895893,2126.3714508481426,1263.556825092533,86,1,644.8182044746176,17,1,BR001,Deposit,0,0
2807,20,90503.1513062525,9390.06167749605,603.3633874019258,32,2,651.6764238197989,25,2,BR003,Withdrawal,0,0
2808,59,66035.57710977353,0.0,533.8185563273631,43,4,748.8863422488905,8,3,BR001,Deposit,0,0
2809,71,18000.0,20151.85577223849,468.73994607114645,83,5,709.6293284749099,8,0,BR004,Withdrawal,1,0
2810,56,53723.51153622562,2649.913128412545,220.19850869326243,168,2,650.9756931419424,0,1,BR003,Transfer,0,0
2811,58,104289.16473469057,6440.741206983572,1027.0497344679823,163,2,674.3473686316289,6,0,BR004,Deposit,0,0
2812,66,71535.22697282201,18446.507054588343,30.284877660564806,69,1,694.0636313090806,15,0,BR004,Deposit,0,0
2813,28,80254.7935291815,13072.08988126102,650.3470001566353,50,5,589.4601902531177,37,2,BR003,Withdrawal,1,0
2814,56,63038.3352040307,8035.090877278915,96.94723167075233,12,2,752.5950174537886,10,0,BR001,Withdrawal,1,0
2815,41,60084.25598301117,0.0,156.6414233128937,85,3,665.4915467742567,24,0,BR001,Bill Payment,0,0
2816,63,23918.41948861086,23707.272269074747,293.1127262476326,123,2,504.1398643341331,28,0,BR003,Bill Payment,0,0
2817,36,82484.26277521675,18507.72030128818,610.5077508197091,58,3,697.3290322183383,18,2,BR004,Deposit,0,0
2818,21,88752.98650389229,30501.491967284263,729.3865224580818,83,4,647.0900118774545,17,1,BR003,Transfer,0,0
2819,43,44081.02971973286,6632.581476086339,350.5706385354722,177,3,817.2175534611873,28,0,BR003,Bill Payment,0,0
2820,55,61065.187326817235,0.0,206.35904512328796,112,3,658.0188485356023,15,1,BR002,Bill Payment,0,0
2821,59,58097.6918982056,20952.797567379814,1171.2475543910082,128,1,622.1649645494972,39,1,BR002,Bill Payment,0,0
2822,49,74243.3724676983,10307.46074339684,113.221809550209,36,2,734.5552868973411,7,1,BR004,Withdrawal,1,0
2823,56,53024.00120679991,17653.528731620605,650.0126984528416,54,4,652.7686842394692,33,0,BR001,Deposit,0,0
2824,62,85489.50031002605,26579.237585939,378.7511351471284,47,2,644.4380659123437,5,0,BR002,Withdrawal,0,0
2825,63,66569.13495473875,15493.37786817759,189.21610486740113,115,3,734.6650967977084,29,0,BR002,Transfer,1,0
2826,53,18000.0,13505.690104909798,5.0,160,3,626.1672884477304,33,0,BR004,Withdrawal,0,0
2827,57,74739.84605423815,14070.025076750311,236.66917966369988,124,2,596.9908439260383,20,0,BR003,Deposit,0,0
2828,54,86919.72172699726,0.0,129.583541262013,160,4,819.8198601466036,11,1,BR002,Withdrawal,0,0
2829,50,39654.643474171346,21972.34388534742,44.08071443221812,165,4,739.5649116320451,5,0,BR001,Transfer,1,0
2830,53,73991.99256944063,22548.77546024246,31.25319126050351,96,1,680.5053500503944,38,0,BR004,Deposit,0,0
2831,20,105259.11273459262,16775.130224662717,170.81341371868956,107,3,698.7565953208644,5,1,BR002,Deposit,0,0
2832,26,67465.46025392125,0.0,381.5527936184147,120,3,734.4105050681309,3,0,BR004,Deposit,1,0
2833,25,90115.83501524877,10909.660573766878,726.8784592241707,101,1,767.1336214729395,8,1,BR002,Deposit,1,0
2834,50,55272.59065479656,24946.73197853568,81.12233126888496,103,2,646.0817296079492,4,0,BR002,Transfer,0,0
2835,23,64604.78565394256,6908.217033238789,221.10649978629985,166,3,724.6302568175978,9,0,BR004,Deposit,0,0
2836,58,60498.3316656204,22658.277467222943,199.00330467747727,158,2,663.5307076652833,7,0,BR001,Transfer,0,0
2837,56,56483.350620353754,12495.868433911684,288.1202148705896,32,4,685.7713128841162,22,1,BR001,Transfer,1,0
2838,21,61750.115008172324,18412.534555643644,663.4245215470893,66,5,710.2485007225433,3,0,BR003,Withdrawal,0,0
2839,30,29125.000819665016,8290.727284576953,322.6564671387416,179,1,698.532499886313,36,1,BR002,Withdrawal,0,0
2840,66,57720.637043567476,12759.427934810998,750.0257720130619,11,3,750.48968288118,6,0,BR003,Deposit,0,0
2841,19,94431.74201938926,15930.437233519902,292.38261710446733,148,1,733.0960591380916,5,2,BR004,Bill Payment,1,0
2842,22,43798.81874925966,2250.8942349523404,370.38228021187945,37,4,593.4281553439475,14,0,BR003,Bill Payment,0,0
2843,61,41545.06802758717,14465.218160811102,230.06263901666165,102,4,603.952375505419,34,1,BR004,Deposit,0,0
2844,44,66346.67217068461,0.0,692.8582775727865,49,4,673.1198320668495,31,0,BR001,Transfer,0,0
2845,49,67446.02915385937,6586.483918604045,1029.900367579722,19,4,827.0037683709277,13,0,BR004,Withdrawal,0,0
2846,38,73304.2238191877,16894.947129274013,407.71133507001946,168,5,639.3885717248878,34,0,BR004,Deposit,0,0
2847,25,62497.75138993794,22082.366284955053,687.6619373415022,7,2,684.4244103271074,10,0,BR003,Deposit,1,0
2848,55,66581.01161808334,16254.769276193056,24.3262729765591,133,2,661.4557781130435,9,0,BR002,Transfer,0,0
2849,25,57280.53498016202,0.0,946.2600196505418,42,5,660.2168931138344,16,1,BR003,Withdrawal,0,0
2850,67,36932.48458340079,21295.723159790232,83.75793325158423,88,2,711.4767820733539,12,0,BR001,Bill Payment,0,0
2851,20,63429.37889716568,1747.652416295392,118.56559520260485,176,4,797.0544093336956,33,0,BR001,Bill Payment,0,0
2852,71,80941.1339217342,17527.78696281916,21.921914969424936,135,2,730.9177879916413,4,1,BR001,Deposit,1,0
2853,61,76331.20177975135,2047.4962986642768,1345.5619910709297,11,1,642.7528327001036,9,0,BR002,Deposit,0,0
2854,20,26626.673207335676,5041.144160740586,764.2465261036126,177,2,891.7260657562244,31,0,BR003,Deposit,0,0
2855,39,70542.35799279982,3392.8577766256585,977.5885203287554,158,1,704.5001254672788,11,0,BR004,Deposit,0,0
2856,23,45359.070431142274,13250.627303535479,751.4924871182905,41,3,658.594533053252,12,1,BR004,Deposit,1,0
2857,19,95627.60811487041,10240.18937737891,261.2096365768226,3,1,797.8467462274313,20,0,BR002,Bill Payment,1,0
2858,40,72177.93522442436,16580.184938676222,1031.2402401535333,40,1,666.1650567439327,32,1,BR001,Deposit,1,0
2859,61,84718.24712287335,11832.286451942029,1395.6551434630874,51,4,815.403955849121,31,0,BR002,Withdrawal,0,0
2860,19,65465.69917712692,0.0,279.31774326353434,32,4,638.0550046323333,11,0,BR004,Transfer,0,0
2861,55,63546.7900242555,14482.312212881774,77.25179610147491,48,4,799.1021272244958,34,1,BR001,Bill Payment,0,0
2862,34,97908.58818837143,0.0,429.906560858385,71,1,713.0733364997186,35,0,BR002,Transfer,1,0
2863,52,86401.03672575037,4045.314062558973,1482.6266187032288,148,5,789.3736562891704,37,0,BR004,Transfer,0,0
2864,51,67592.89034944605,8724.780011288985,822.7492065645766,89,4,832.1235996091082,27,0,BR004,Deposit,0,0
2865,40,60607.338624977245,8101.1693352932,791.6652746404313,109,4,619.7174896635122,12,2,BR002,Transfer,0,0
2866,47,27442.156038320863,0.0,1086.138804116147,35,1,788.3040274530825,11,2,BR004,Withdrawal,1,0
2867,69,72140.48576723108,24340.43598184373,897.5463656445529,108,3,600.3767266902216,21,0,BR003,Deposit,0,0
2868,25,62225.71267496628,26832.025110510294,598.9469788027772,152,3,625.697095132624,1,0,BR003,Bill Payment,0,0
2869,39,77187.03303581008,32256.975938780542,506.7264665200227,40,2,642.7613378145294,28,0,BR001,Withdrawal,1,0
2870,61,83872.0145137653,22328.86275740691,123.02722380606215,52,3,734.2545645324503,12,0,BR003,Bill Payment,0,0
2871,53,92124.26409103943,8440.98115088754,388.4466522992585,112,4,701.3111113854402,34,0,BR003,Deposit,0,0
2872,22,72413.8440396769,8285.884311462825,294.8301157131184,39,5,687.3004741086015,12,0,BR002,Deposit,0,0
2873,30,41980.069767179484,7788.955474440973,792.038616959304,68,2,709.2364695315653,33,0,BR001,Bill Payment,0,0
2874,46,18000.0,29870.739176031984,270.6832764767412,76,5,740.3902712505432,18,1,BR002,Transfer,1,0
2875,48,46856.60307215058,10960.126779313556,54.66836105544823,65,5,745.7773686758946,8,0,BR002,Bill Payment,0,0
2876,64,94336.74698911149,23423.096162282047,5.0,62,4,775.5916784930591,30,1,BR003,Withdrawal,0,0
2877,74,105116.81232458769,22722.914799474947,453.1239100951413,2,1,826.4024368937207,32,0,BR003,Transfer,1,0
2878,72,59766.18346107814,13705.930704727834,319.32165311054064,134,1,697.5046339290966,26,0,BR004,Deposit,0,0
2879,33,32858.89640578827,0.0,160.7663084006819,122,1,662.5237726508359,1,2,BR004,Withdrawal,0,0
2880,59,50734.90134993752,11154.73225214176,74.03678835804442,75,3,741.9475290429632,14,0,BR001,Withdrawal,0,0
2881,47,90031.72809935316,13322.696485916571,251.47995723654208,171,1,618.9021628614765,18,0,BR003,Deposit,0,0
2882,74,51997.71018240365,23501.291609126863,42.271547632495995,40,4,651.4907107521872,30,0,BR004,Transfer,0,0
2883,72,77960.72684868531,12175.121208902625,163.85461209444603,89,3,768.9566662474953,15,2,BR002,Deposit,1,0
2884,33,68708.28262855677,1122.5499273767473,190.70619566239674,167,1,690.3110137627607,14,1,BR003,Withdrawal,0,0
2885,29,80620.07169881518,20891.189979585346,250.65825609083342,28,5,614.4265279149373,5,2,BR001,Withdrawal,0,0
2886,34,104996.24197683483,9952.128097522611,251.40902875534002,80,4,594.7137854244378,13,1,BR001,Withdrawal,0,0
2887,33,77975.19246175545,0.0,118.82673192686013,63,4,702.4101675575665,26,0,BR002,Deposit,0,0
2888,29,68232.15808603445,14924.861171190709,759.4110076042781,140,2,778.9327575877606,37,1,BR004,Bill Payment,0,0
2889,25,107424.21844779621,16506.941647081887,175.73918510833096,41,4,777.998204427183,18,0,BR002,Withdrawal,1,0
2890,37,72690.14623575135,4413.556264207907,104.33157809349827,29,5,706.7616352024986,36,1,BR004,Withdrawal,1,0
2891,20,47555.15505870478,10271.587794392202,77.34162066763352,23,4,839.6236593367289,3,0,BR003,Transfer,0,0
2892,33,80124.23637492867,17919.453233765547,155.7845777469618,80,2,691.6625743841676,25,0,BR001,Bill Payment,1,0
2893,47,74844.02192692536,14986.063210820543,27.97713601606378,51,4,689.3002663621812,8,1,BR004,Transfer,1,0
2894,62,58226.148470046806,0.0,13.384462078595103,112,4,519.2794863182701,39,1,BR002,Withdrawal,0,0
2895,40,53613.10684574198,23281.951498476312,371.69182831986035,105,2,667.6845935587149,14,0,BR003,Bill Payment,0,0
2896,45,58438.29127907203,27356.975575847857,386.1368649199068,45,4,758.6410524435946,36,0,BR004,Transfer,1,0
2897,68,53298.43413496135,7408.345025713416,301.6587213147195,90,3,808.4772935801793,3,0,BR003,Deposit,0,0
2898,57,59153.28398831638,0.0,574.673449255316,150,4,640.8835756432901,25,1,BR003,Transfer,1,0
2899,71,46458.474750679045,18940.015261226563,15.975014423041339,138,1,731.3576630505133,17,0,BR002,Bill Payment,0,0
2900,22,73495.40313951594,5942.168047397159,1099.3808398592278,135,1,772.2815322626301,34,1,BR002,Transfer,1,0
2901,37,71846.42890709403,16819.039155767252,39.95691890859185,89,3,699.7845707237129,28,0,BR003,Bill Payment,0,0
2902,57,72594.43909904832,31819.534199103342,448.3713740211238,15,4,539.1703679730939,23,0,BR003,Bill Payment,1,0
2903,73,63627.87453239361,0.0,57.269533417506736,77,5,716.3102999701977,3,0,BR004,Transfer,1,0
2904,61,61091.40836744863,4830.412081689083,847.7903163138405,106,4,752.3001436842625,20,0,BR002,Transfer,1,0
2905,18,96724.12754837734,10249.683658063957,285.922654425192,174,1,632.6803973487079,38,0,BR004,Deposit,0,0
2906,74,66482.92951043166,23625.105252230478,34.35108038149301,90,2,681.2091828387929,6,0,BR001,Transfer,0,0
2907,47,92802.8706132205,44000.55416597948,383.6000866962195,87,3,618.1152770509865,22,1,BR004,Bill Payment,0,0
2908,38,43078.848370341104,14223.766683896647,5.0,61,2,519.0896715993754,39,1,BR003,Withdrawal,0,0
2909,37,77961.91235243033,0.0,598.4832971691793,108,5,770.8903088251359,20,0,BR001,Transfer,0,0
2910,23,48836.533193479656,8890.307631738993,420.59796529898364,61,4,698.7376026338704,0,0,BR004,Transfer,0,0
2911,39,52764.65757754665,5026.228623858141,95.62013308840224,51,5,810.8372497693488,24,0,BR001,Bill Payment,1,0
2912,35,55938.07152159387,18494.269299172105,187.84206980844553,166,2,759.0125534334325,30,0,BR002,Withdrawal,0,0
2913,25,54558.82269071687,15391.962329690396,5.0,12,4,674.2053166834186,37,1,BR004,Deposit,0,0
2914,56,54668.69755739928,2623.679687958618,473.25497043712403,77,5,693.1773537926914,4,2,BR004,Withdrawal,1,0
2915,49,91780.05197759243,4498.63118177582,155.8375721897947,112,1,738.632417353912,30,0,BR002,Bill Payment,0,0
2916,50,65999.04580858808,8759.484996830955,339.0688264343073,66,1,766.6818391729021,0,0,BR004,Bill Payment,1,0
2917,70,69951.21856261141,9845.775209435255,1256.0963622760437,167,3,721.5869441519408,29,2,BR001,Bill Payment,0,0
2918,33,54942.48080186811,11620.299754473801,142.3653581376724,167,1,776.3915201702639,17,0,BR002,Bill Payment,0,0
2919,29,83852.6646817984,12439.858936749748,1851.6984430885948,115,1,678.233188432787,7,0,BR001,Withdrawal,0,0
2920,55,72811.23812125623,23113.65483961084,400.6614448154505,30,2,629.1999517250019,25,2,BR004,Withdrawal,0,0
2921,69,58203.569824305756,8434.100891807037,110.87554966927506,105,1,694.4633522507208,39,0,BR004,Withdrawal,0,0
2922,51,30145.754362213847,7107.898437780751,229.63248188225037,176,1,713.3629423515329,14,0,BR004,Transfer,0,0
2923,31,69758.52208484116,0.0,539.5271787080188,31,2,614.89252236825,18,0,BR004,Bill Payment,1,0
2924,53,77664.94949578008,9985.266906442275,236.5814455113108,153,1,605.4294541097364,9,1,BR001,Transfer,0,0
2925,50,43465.34755688638,14305.766215737442,28.386885118780675,179,1,730.31704075314,23,1,BR004,Transfer,0,0
2926,40,58501.31838861843,0.0,73.85946241973612,13,3,670.5550204040703,15,0,BR002,Transfer,1,0
2927,67,76817.53103214104,8918.142659448848,626.7386654921651,128,1,687.3911366036599,30,0,BR002,Deposit,0,0
2928,62,30439.582743321116,22442.64716928039,418.07381585876664,170,1,673.8215134009423,15,1,BR003,Transfer,1,0
2929,19,50725.251964982424,17834.754384310898,337.42571438666806,101,3,805.4420631234249,15,0,BR002,Bill Payment,0,0
2930,58,73291.99671578083,15360.898554847132,73.38743171171353,67,2,787.32328122765,27,0,BR003,Transfer,0,0
2931,38,89310.40565473543,17590.910690770543,727.4651250354061,80,1,612.3852416972583,19,0,BR002,Bill Payment,1,0
2932,19,113087.15586996567,6836.661570993376,1295.0207525731728,103,5,661.7044750843687,34,0,BR002,Deposit,0,0
2933,44,108090.40490407599,5637.721926846341,16.698592645160943,19,2,758.5002987578715,8,1,BR004,Withdrawal,1,0
2934,74,68162.9286109522,23447.17902664342,32.497849157072984,174,2,741.135536597227,39,0,BR002,Bill Payment,0,0
2935,26,54347.008607397045,19457.75441482388,864.1721568793118,143,1,696.097942636915,9,1,BR004,Transfer,0,0
2936,18,85308.6898909595,5283.542805320064,676.1556301208627,32,3,619.3679856525035,17,0,BR004,Bill Payment,1,0
2937,28,53040.95567807954,0.0,384.8652410651901,177,2,651.2221967692518,14,0,BR002,Transfer,0,0
2938,20,48233.90373119566,5470.360063677144,1159.915891938188,149,3,662.8262702717598,29,1,BR001,Withdrawal,0,0
2939,69,58284.146847967786,16891.80804719322,415.8701712718645,65,5,718.389603178337,31,0,BR004,Bill Payment,0,0
2940,40,55525.18739610365,6075.658715490932,97.3309911403292,27,3,818.2609008288066,39,1,BR002,Transfer,0,0
2941,43,74077.87370744927,14970.61029720464,521.7269958563473,151,4,650.9183835648311,26,2,BR001,Bill Payment,0,0
2942,21,51747.16431304406,24777.93498509009,415.056186095384,47,3,627.1775326711332,26,1,BR002,Withdrawal,0,0
2943,35,66872.68526055192,11162.756299862329,1700.2506610375717,12,2,691.3989466220439,18,1,BR002,Withdrawal,1,0
2944,72,100088.97593091705,14105.64137686391,96.26633777105175,85,3,771.2217286359842,9,0,BR001,Withdrawal,1,0
2945,23,67687.09570962905,18164.134708496094,364.4068013459152,66,3,597.7181923267508,5,1,BR002,Bill Payment,0,0
2946,52,98368.33033867911,2261.241675052177,605.9557949403578,133,4,800.7543905612463,23,0,BR004,Bill Payment,0,0
2947,39,91445.24522345088,5042.55697489154,165.59034240224605,137,4,686.9578046519032,8,0,BR003,Transfer,0,0
2948,60,78024.88520741393,18535.450439131924,191.0076531937697,148,1,647.5975998380638,26,2,BR003,Withdrawal,0,0
2949,32,57208.638621352555,12332.707684941974,875.3521392168964,110,2,586.9867499266488,6,1,BR002,Transfer,0,0
2950,39,87891.17550168029,13095.827492784865,207.13665783827096,82,1,748.456454139444,5,1,BR003,Bill Payment,0,0
2951,54,59500.551789962374,12299.572450716145,392.04684467981053,125,4,687.0180163330925,32,1,BR003,Deposit,1,0
2952,69,64955.78758940686,20804.64572065762,880.1491061702137,63,3,710.9493837928155,20,0,BR003,Withdrawal,1,0
2953,59,72264.37083164307,15921.413764047074,94.20113701429594,72,4,635.9431781292045,37,0,BR004,Transfer,0,0
2954,29,64881.915607343406,16039.380819637307,1604.235912633644,98,5,676.6632776024284,16,0,BR004,Withdrawal,0,0
2955,64,49154.11019496819,22999.783418001953,484.20235134315834,73,3,664.9393127551683,30,0,BR003,Transfer,1,0
2956,66,31403.823870376873,26459.164722672198,274.1681986783858,71,1,691.9584826235255,36,0,BR001,Transfer,0,0
2957,59,86100.92446716054,32192.325513912423,225.49409955590193,30,3,652.1313371536933,10,0,BR001,Deposit,0,0
2958,55,77547.52678973993,6788.876746662541,1234.8287554507347,125,5,591.6073327518945,27,0,BR001,Bill Payment,1,0
2959,35,27146.558165080474,34224.666726077616,92.13012518024833,16,4,889.9949821707625,4,0,BR004,Withdrawal,1,0
2960,62,48570.67831018915,2129.043508903351,149.40246580038485,133,2,603.561702686374,11,2,BR004,Bill Payment,0,0
2961,52,68939.43944401445,29417.226627388136,147.147952799635,157,2,711.7021304859777,2,0,BR004,Transfer,0,0
2962,47,74736.5917783325,6294.361271777617,136.4367035324213,47,2,574.958052010317,37,1,BR004,Bill Payment,0,0
2963,41,31594.019502723982,11379.541834157222,252.84946584028586,101,4,559.2066794367418,1,0,BR003,Deposit,1,0
2964,59,63036.74933606672,12167.183506466761,1810.5152582328471,107,2,705.8478544296587,25,1,BR004,Bill Payment,0,0
2965,47,76872.4010955872,4197.263251547834,878.5223599582192,126,5,711.2057311437812,1,1,BR003,Transfer,0,0
2966,31,57266.74035821584,12780.468000803647,158.96875765369506,22,4,787.3049293561669,11,0,BR001,Transfer,1,0
2967,23,70628.25226555666,4661.95701146122,219.87517403404863,83,2,726.9682788710994,39,1,BR003,Deposit,0,0
2968,20,54273.858595021506,885.5091419637029,442.83614614754,163,1,688.5132496877947,1,2,BR001,Withdrawal,1,0
2969,33,85002.31973738948,11651.487302763895,6.920189841323592,60,4,632.5279829154497,15,0,BR004,Deposit,0,0
2970,24,47415.71429494204,26308.892012186407,686.2609808125155,58,4,803.9308447763484,29,0,BR001,Withdrawal,1,0
2971,69,39874.27873992364,9713.82234884722,847.4328379524729,3,3,764.0195872235157,35,0,BR001,Transfer,0,0
2972,31,65636.39100935412,20469.18823836794,778.5250281150461,162,2,611.7569365576103,3,0,BR003,Bill Payment,1,0
2973,26,33462.4286096531,4389.003365557632,188.03626081958708,45,1,701.6574609747445,10,0,BR001,Transfer,0,0
2974,32,18687.553862618617,448.715364289199,247.95832125634453,50,5,709.0836562068548,23,3,BR002,Deposit,0,0
2975,38,88842.1765571883,16084.74141259824,5.0,2,4,674.8042440376032,17,0,BR001,Deposit,0,0
2976,52,43347.06140566199,27800.511465913012,203.927351179068,15,5,753.0295340064756,26,1,BR004,Bill Payment,0,0
2977,19,35659.66518315612,13880.590069198384,246.79074550156787,165,5,757.2213196843724,36,2,BR001,Deposit,0,0
2978,44,47141.30690710862,19439.827018833654,949.9517621627838,143,5,685.6660011536426,1,1,BR002,Transfer,0,0
2979,19,46153.6861089625,25456.11969176829,897.6799625286782,96,3,679.339152794164,14,1,BR003,Bill Payment,0,0
2980,52,61873.54785440203,11671.226852860707,1353.701465307728,85,5,803.9270923867272,10,0,BR001,Withdrawal,0,0
2981,35,40943.291858908735,10631.43046504875,865.4945925636459,111,2,764.2987224653566,26,1,BR002,Deposit,1,0
2982,31,75960.09512963542,16248.795155675693,5.0,23,2,704.0652272935869,22,1,BR004,Withdrawal,0,0
2983,37,79217.15088546973,17850.171955063524,410.28697055550384,99,1,584.9553672643963,34,1,BR004,Bill Payment,0,0
2984,35,36950.18808645822,0.0,28.271008643826985,37,1,723.0800074413526,29,3,BR003,Deposit,0,0
2985,27,51401.87429513547,14661.530636436753,127.3083566428707,107,5,747.8658425442368,23,1,BR004,Bill Payment,0,0
2986,42,53492.74071915111,11993.867315011245,345.3916842276784,41,5,506.1834860121139,18,0,BR002,Deposit,0,0
2987,19,61369.83804994048,4894.330448007184,482.40838469100675,57,3,716.6308613822617,28,2,BR001,Deposit,1,0
2988,42,88819.037373641,11371.706488400818,425.25793552430116,97,5,669.8315609242985,12,0,BR002,Deposit,0,0
2989,71,90086.89513005738,1512.0765132354736,20.121037237100264,25,5,683.5402003909314,22,0,BR003,Bill Payment,1,0
2990,50,119975.08249564731,0.0,43.74914154142499,110,5,635.4833333065676,11,0,BR001,Bill Payment,0,0
2991,53,18000.0,12601.634246769254,55.05561288612526,37,4,688.6267496717451,28,0,BR002,Transfer,0,0
2992,48,44665.494090664164,20118.693210560185,38.34645950923775,40,4,796.4394103326932,5,0,BR003,Transfer,0,0
2993,31,104908.20198364963,8874.383356619775,78.52004442335122,85,3,667.7521050829139,22,1,BR003,Bill Payment,1,0
2994,18,25384.593008909636,3353.4366257309175,466.5266993205381,46,3,766.5901491155229,30,0,BR001,Bill Payment,0,0
2995,63,104407.83141175554,4752.310929708004,710.7576066255943,102,2,642.5568146784273,20,0,BR001,Deposit,0,0
2996,33,68241.72800915138,16940.500659898975,210.24976173424074,98,3,752.1129334859227,23,2,BR004,Transfer,1,0
2997,71,69050.92100649598,27006.466961483377,472.0784316368095,19,2,699.1159098935366,7,1,BR004,Transfer,1,0
2998,63,36844.44430537165,18934.10572284567,89.26555124123226,91,5,723.6417380152496,8,0,BR001,Bill Payment,0,0
2999,69,55074.409159905474,23707.127093237017,1448.9394420931167,137,3,699.5007279268241,21,1,BR004,Transfer,0,0
3000,20,103442.27991361794,2571.3867200684817,172.3116420445746,69,3,743.9137662708846,3,2,BR001,Bill Payment,0,0
